"","id","A1","A2","A3","A4","A5","C1","C2","C3","C4","C5","C6","country","uso_ia_frecuencia","studyArea","education","workArea","gender","age","optionsCount"
"1","009W05E8EBO4bC8kno4e",4,4,5,4,4,4,4,3,3,1,4,"Argentina","frecuente","informatica-programacion","high-school","tecnologia-informatica","male",31,2
"2","00MYt7kVPTVDKacidduS",5,4,5,5,2,3,2,1,3,1,2,"Uruguay","ocasional","ciencias-economicas-administracion","masters","administracion-finanzas","female",52,3
"3","07siE5kWZyueZ5XZopfK",4,4,4,4,2,2,2,1,1,4,2,"Argentina","ocasional","otra-no-aplica","other","otra-no-aplica","male",44,2
"4","0HqiPIwdaMum8w9VYH7h",4,4,4,3,3,5,4,2,2,4,4,"España","frecuente","ciencias-educacion","bachelors","educacion","female",35,2
"5","0Kea3byWKJZ1Nl2Yqk1J",4,5,5,3,2,2,2,1,2,2,2,"Argentina","frecuente","ciencias-salud","bachelors","educacion","female",59,2
"6","0L49jizsh9mtaG4hWuof",2,3,4,3,4,2,4,1,3,2,4,"Argentina","ocasional","ciencias-salud","high-school","otra-no-aplica","female",18,3
"7","0Q2fzeBIW57K68SBJbng",4,4,5,4,3,2,2,1,1,2,2,"Argentina","frecuente","ciencias-sociales-humanidades","bachelors","administracion-finanzas","male",39,2
"8","0vcboBsU1GfCVNXnZ2QU",2,4,2,3,3,2,2,2,2,4,3,"Argentina","esporadicamente","ciencias-educacion","other","otra-no-aplica","female",60,2
"9","0WYQzR4RnrnumgdYb3Tu",3,4,4,4,2,3,4,3,3,4,4,"España","esporadicamente","ciencias-sociales-humanidades","bachelors","educacion","female",58,3
"10","0XKxZZF8PIefLhpy7UMc",3,3,5,4,3,1,2,1,1,1,4,"Argentina","ocasional","otra-no-aplica","high-school","otra-no-aplica","female",59,3
"11","1emei0xJbigJahyShEe4",4,4,5,4,1,1,4,2,5,5,5,"Argentina","frecuente","ciencias-salud","bachelors","salud-servicios-sociales","male",27,3
"12","1gmtlH9vNr3yjAzyltwX",3,3,4,3,2,2,2,1,1,1,3,"Argentina","frecuente","ciencias-sociales-humanidades","bachelors","educacion","female",42,2
"13","1J0YHNe4sH1Zgva6O1kl",5,5,5,5,3,4,4,2,4,4,5,"España","frecuente","ciencias-exactas-naturales","masters","industria-manufactura","male",26,3
"14","1JC0VGxHyr4bxcP1kFoz",3,4,4,3,2,2,2,2,2,2,2,"Argentina","frecuente","otra-no-aplica","masters","consultoria-servicios-profesionales","female",42,2
"15","1NWqsVoGFxQiJLbEc9P8",1,1,3,2,4,2,2,2,2,2,3,"Argentina","esporadicamente","derecho-ciencias-juridicas","bachelors","consultoria-servicios-profesionales","male",29,3
"16","1U6KKCS32e8sUFToS2RL",4,4,5,3,4,2,2,1,1,3,2,"Argentina","frecuente","ciencias-sociales-humanidades","doctorate","educacion","female",45,2
"17","1za45t5YLZ4k4Mx1sr0B",4,4,4,4,2,4,4,4,4,4,4,"Uruguay","ocasional","comunicacion-periodismo","masters","comunicacion-marketing","female",44,2
"18","1zwAJStSvFji26ZcMBAk",5,5,5,5,1,3,3,4,4,3,4,"Perú","frecuente","ciencias-economicas-administracion","other","comercio-ventas","female",30,2
"19","29DqQt8QQO1yIeWknkRN",3,4,4,4,5,2,2,2,2,3,3,"Perú","frecuente","otra-no-aplica","doctorate","educacion","female",55,3
"20","2Ex3ZQiYT2jezV8bhVoI",2,4,4,4,3,1,1,1,1,4,1,"Argentina","ocasional","ciencias-educacion","masters","educacion","female",58,2
"21","2LDeSHkU6Mr3C42BUpnc",3,3,3,3,3,3,4,3,3,3,3,"Argentina","esporadicamente","ciencias-educacion","doctorate","salud-servicios-sociales","female",30,3
"22","2Pea9wSOagxMHAZwxlRz",4,4,4,4,2,2,3,3,4,4,4,"Argentina","frecuente","ciencias-educacion","bachelors","educacion","male",47,3
"23","2QM2b5x2y9ejEn3nCTWs",4,5,4,4,1,2,3,2,2,2,3,"Argentina","frecuente","ciencias-economicas-administracion","high-school","comercio-ventas","female",38,2
"24","2QZSVFHHHW4qoue8ani1",3,4,4,3,3,3,3,3,2,4,4,"España","ocasional","ciencias-educacion","masters","educacion","female",59,2
"25","31WQwlV3KXpyIeMg47K1",4,4,4,4,4,4,4,2,2,4,2,"España","esporadicamente","ciencias-educacion","bachelors","educacion","male",46,2
"26","3aGZChwNhsYWZN3RTFny",4,4,4,4,3,2,4,2,2,5,4,"Argentina","ocasional","ciencias-economicas-administracion","bachelors","educacion","female",53,3
"27","3ff5zFEkM2csAAWGiDoo",3,3,4,4,2,2,3,2,2,2,2,"Argentina","ocasional","ciencias-educacion","bachelors","educacion","male",62,3
"28","3fuHp2US1pnvcehz2ITp",2,2,4,3,3,2,1,1,1,1,2,"Argentina","ocasional","ciencias-sociales-humanidades","bachelors","administracion-finanzas","female",21,2
"29","3kgE6bmTJe66BOBGGjqf",4,5,5,4,2,3,3,2,3,3,4,"Uruguay","frecuente","derecho-ciencias-juridicas","masters","administracion-finanzas","male",46,3
"30","3KyGWiqlaWJZvz3qnucH",3,4,4,3,3,2,2,2,2,2,4,"Argentina","frecuente","derecho-ciencias-juridicas","bachelors","consultoria-servicios-profesionales","male",55,2
"31","3piXBVvcRbTWZzqTpwuV",3,4,2,3,4,4,4,2,4,2,4,"Argentina","frecuente","ciencias-educacion","bachelors","educacion","female",27,3
"32","3wqvCIslV5SLIz9eS6Mi",3,4,5,3,4,1,3,1,1,4,4,"Argentina","ocasional","ciencias-salud","bachelors","otra-no-aplica","female",22,3
"33","3XnXgY96MNGE1WqFnFFR",3,5,5,5,2,2,2,3,2,4,2,"Argentina","esporadicamente","ciencias-exactas-naturales","bachelors","gobierno-sector-publico","male",45,2
"34","4aZFhOJXH7VPreSyT7WN",4,4,5,3,2,2,2,1,1,3,3,"España","ocasional","ciencias-sociales-humanidades","masters","educacion","male",27,3
"35","4BKpkbxlPO4OFZ0gHh6d",3,3,3,3,3,2,2,1,1,4,2,"Argentina","esporadicamente","otra-no-aplica","high-school","arte-cultura-diseno","female",32,3
"36","4DIBT2l8qKWFg2Kuqlj5",1,1,2,1,5,1,1,1,1,4,1,"Argentina","nunca","otra-no-aplica","other","comercio-ventas","female",49,3
"37","4DKI5Q42nUbM2YboRsDS",4,3,2,4,2,3,3,1,1,2,2,"Argentina","esporadicamente","ciencias-salud","doctorate","salud-servicios-sociales","female",44,3
"38","4Dq0CW65gj0u8gK6Iqbj",4,4,5,3,3,1,1,1,2,4,4,"Argentina","frecuente","ingenieria-tecnologia","bachelors","otra-no-aplica","female",39,3
"39","4O3KLllhi8PMmpJTl3mc",3,2,3,2,4,1,1,1,1,2,2,"Argentina","nunca","otra-no-aplica","doctorate","comercio-ventas","male",41,3
"40","4R37zAXu1Nbvydc9SKnV",1,2,3,2,4,1,2,1,3,1,4,"Argentina","esporadicamente","ciencias-educacion","bachelors","educacion","female",49,2
"41","5l3zegWCr8QKgImDfZHw",4,4,4,2,3,3,3,2,3,2,3,"Argentina","ocasional","ciencias-exactas-naturales","doctorate","educacion","female",39,2
"42","5Q3Qpmjkg7SL8Nwii6q9",4,4,3,4,1,3,3,1,3,3,3,"Argentina","ocasional","ciencias-educacion","bachelors","educacion","female",49,2
"43","69DgiQbezTUPK6zHjAgB",5,4,5,5,2,3,4,2,3,5,5,"Argentina","frecuente","ciencias-economicas-administracion","high-school","administracion-finanzas","male",18,2
"44","6jGWehh5ZWnAGfza6kNN",4,4,5,4,3,3,3,3,2,4,5,"Argentina","frecuente","ciencias-economicas-administracion","bachelors","comunicacion-marketing","female",28,2
"45","6p4q7mbHOO18BSdR5J2m",5,5,5,5,2,1,2,1,2,3,3,"Argentina","ocasional","ciencias-salud","doctorate","educacion","female",54,3
"46","6uTpMI2PUgUzOcXLykP6",3,4,4,3,3,3,4,2,3,2,4,"Argentina","ocasional","ciencias-salud","bachelors","otra-no-aplica","female",20,2
"47","74YRQnsqhSfAzi0SsuCy",3,3,5,3,4,2,3,1,1,3,4,"Argentina","ocasional","ingenieria-tecnologia","high-school","otra-no-aplica","male",18,3
"48","7byl9QVo6E6dfwrQiiYJ",2,2,3,2,3,1,1,1,1,1,1,"Argentina","esporadicamente","arte-diseno","bachelors","comunicacion-marketing","female",42,3
"49","7OH1cJQihTtugp3bn8GO",4,4,4,4,2,2,3,3,3,2,2,"Argentina","esporadicamente","ciencias-economicas-administracion","bachelors","otra-no-aplica","male",45,3
"50","7Owfy2vabNMd8ojUKLkt",3,4,4,3,2,2,5,1,1,4,4,"España","esporadicamente","ciencias-economicas-administracion","bachelors","administracion-finanzas","female",40,3
"51","7QJNH3Z83rP6K4Wb1RSS",3,3,4,4,3,3,2,3,5,3,3,"Chile","frecuente","ciencias-sociales-humanidades","doctorate","educacion","male",51,2
"52","7rbZRfFr3oWuBzHRoowr",4,4,4,4,3,3,3,2,4,4,4,"Argentina","frecuente","ciencias-salud","bachelors","salud-servicios-sociales","female",57,2
"53","7RrlWsKYhOlVckYvrJSO",3,4,5,4,2,3,3,2,4,3,4,"Argentina","frecuente","ciencias-economicas-administracion","high-school","otra-no-aplica","female",19,2
"54","7ShsCKAScvXt3jBe6QIC",4,5,5,4,3,2,2,1,1,2,4,"Argentina","frecuente","ciencias-sociales-humanidades","bachelors","otra-no-aplica","non-binary",29,3
"55","7VPoTvh9OOlUFKemVbiu",2,4,4,3,4,2,4,2,2,4,2,"Argentina","ocasional","ciencias-economicas-administracion","bachelors","educacion","female",49,3
"56","7Z5rEdwT5yV4wOp1MyWS",4,4,4,4,2,2,1,3,3,4,3,"Argentina","frecuente","ciencias-sociales-humanidades","bachelors","gobierno-sector-publico","female",24,3
"57","88HK4i87OpTkF0UZJspE",4,5,5,5,3,3,4,1,1,2,3,"Argentina","frecuente","ciencias-sociales-humanidades","bachelors","educacion","female",39,3
"58","8B0EfEQQWYnBp26xa21b",3,4,4,4,2,2,1,1,1,4,4,"Argentina","frecuente","ciencias-sociales-humanidades","masters","educacion","female",31,2
"59","8sfnPB5W0uurjs9E3YmC",2,2,3,2,4,1,2,1,1,1,3,"Argentina","esporadicamente","ciencias-exactas-naturales","bachelors","otra-no-aplica","female",22,2
"60","8TEJJ0Cm0Hh6k7xsY6PL",4,4,5,3,2,1,4,1,1,1,2,"Argentina","frecuente","ciencias-sociales-humanidades","masters","educacion","female",35,3
"61","8u53zzlKZAo0pqIyP6GH",4,5,4,3,2,2,2,1,1,3,5,"Argentina","frecuente","ciencias-salud","doctorate","educacion","female",35,2
"62","8yQUCJeV4oKHAvzIkdQm",4,4,4,4,1,2,3,2,1,4,4,"Argentina","ocasional","ciencias-sociales-humanidades","bachelors","salud-servicios-sociales","female",55,2
"63","9e9IQQRV1HSqZM2Wu82Y",2,5,4,4,2,4,5,2,3,5,4,"Argentina","ocasional","ingenieria-tecnologia","high-school","otra-no-aplica","male",19,2
"64","9i8W7Uvz6p2QsybvqDfo",5,5,5,5,2,4,4,4,4,5,5,"Argentina","frecuente","ciencias-educacion","bachelors","educacion","male",37,3
"65","9JsXLTBIR2YE93wDlCHG",4,4,4,4,2,3,3,3,3,3,3,"Uruguay","frecuente","comunicacion-periodismo","doctorate","comunicacion-marketing","male",59,2
"66","9K3YYvorFxBGPSuIBqgq",4,4,4,3,3,2,4,3,3,5,4,"Argentina","esporadicamente","ciencias-salud","bachelors","tecnologia-informatica","female",56,3
"67","9L5jA1iKZkY1mpDiSvjr",4,4,5,4,3,2,4,3,4,4,3,"Argentina","frecuente","ingenieria-tecnologia","high-school","otra-no-aplica","female",20,2
"68","9MeBbCZ23y7vqHNjO3sh",4,4,4,3,2,4,4,2,2,2,4,"Argentina","frecuente","comunicacion-periodismo","bachelors","educacion","female",51,2
"69","9RlC7eooAJfAkGM4cF5T",2,5,4,5,1,2,2,1,2,1,3,"Argentina","ocasional","ingenieria-tecnologia","bachelors","educacion","male",40,2
"70","9rwhWCJKukFSmTlzp5Ue",4,5,5,3,4,4,2,1,2,4,5,"Argentina","ocasional","ciencias-sociales-humanidades","bachelors","salud-servicios-sociales","male",34,2
"71","9TT00Wu09Km7C1lT0ZJo",4,4,5,4,2,2,3,2,1,3,4,"España","ocasional","derecho-ciencias-juridicas","bachelors","consultoria-servicios-profesionales","male",26,2
"72","9W2F9FkUHbu27lUxwYQx",3,2,5,3,4,1,1,3,3,3,4,"Argentina","frecuente","ciencias-sociales-humanidades","bachelors","educacion","male",35,2
"73","9xBaReS4eYsWaF30HTvX",3,3,4,4,3,2,2,1,2,2,2,"Argentina","esporadicamente","derecho-ciencias-juridicas","bachelors","consultoria-servicios-profesionales","male",26,3
"74","9yZ0oMfImUso3bGTP3H2",5,5,5,5,5,5,4,1,1,1,5,"Argentina","ocasional","ciencias-salud","bachelors","consultoria-servicios-profesionales","male",43,3
"75","A0G7q7rccPMwC73Pe6Lu",4,4,5,4,3,3,2,3,3,4,4,"Argentina","frecuente","ciencias-sociales-humanidades","other","gobierno-sector-publico","female",43,2
"76","a12ZwODsAlL5JGFGVlgA",4,3,5,4,2,3,4,3,3,4,4,"Argentina","ocasional","ciencias-economicas-administracion","high-school","otra-no-aplica","male",18,2
"77","a2vElZSPpdSdxKXt14zl",3,4,5,4,3,4,4,1,1,3,4,"Argentina","frecuente","ciencias-sociales-humanidades","bachelors","educacion","female",40,2
"78","ab0rEQrKD0y1w7nVZonk",5,5,5,5,3,4,1,1,4,4,5,"Argentina","frecuente","ingenieria-tecnologia","masters","consultoria-servicios-profesionales","female",42,2
"79","ACbR43xpUBafpdK7FagN",1,1,2,4,5,1,3,1,1,3,1,"Argentina","nunca","otra-no-aplica","high-school","comercio-ventas","female",36,2
"80","acG2EG5Ok9eFH8qeefuQ",4,5,5,4,2,1,1,1,1,3,3,"Argentina","frecuente","ciencias-salud","bachelors","educacion","female",59,2
"81","aCuc0KkP0Aw7mBu9zTU1",3,5,5,3,3,2,2,1,1,4,4,"Argentina","frecuente","ciencias-sociales-humanidades","masters","tecnologia-informatica","male",27,3
"82","AfZJABK9PxYwrTqjNYCE",3,3,4,4,2,3,4,2,3,5,3,"Argentina","ocasional","ingenieria-tecnologia","bachelors","educacion","male",45,3
"83","aKexnJGFVcrQ1eFRpc5d",4,4,4,3,3,2,2,2,2,2,2,"Argentina","ocasional","ciencias-sociales-humanidades","bachelors","salud-servicios-sociales","female",40,3
"84","AOmZE7gbgL1nB5EcqLRo",4,4,4,4,3,3,3,2,2,3,4,"Argentina","ocasional","ciencias-sociales-humanidades","bachelors","educacion","female",43,3
"85","atRSIozzoaIPi0Osby2d",1,4,4,3,3,2,2,3,1,2,2,"Argentina","ocasional","ingenieria-tecnologia","high-school","otra-no-aplica","male",18,2
"86","azGoPgUDOOjGDxl6EvCv",3,4,4,3,3,3,2,2,2,3,4,"España","esporadicamente","ciencias-educacion","bachelors","educacion","female",48,2
"87","azhKcUGKXdhUxe9qwTVk",4,4,4,4,3,4,2,1,2,4,4,"Argentina","frecuente","ciencias-salud","doctorate","salud-servicios-sociales","female",38,3
"88","b1rGE9iU9Na0PMBgCBJ4",5,5,5,5,1,2,2,2,1,4,4,"Argentina","ocasional","ciencias-educacion","bachelors","educacion","female",45,3
"89","b31Ih6pTrZOgM2yMFzbU",4,4,5,5,2,3,2,1,1,2,1,"Argentina","esporadicamente","ciencias-salud","bachelors","salud-servicios-sociales","female",30,3
"90","B4bdIAHCnyMKnNi4gbOF",3,2,4,3,4,1,2,1,4,4,2,"Argentina","esporadicamente","ciencias-exactas-naturales","high-school","gobierno-sector-publico","non-binary",35,3
"91","b4wunCAYUxJQb18XkmVP",4,4,4,4,2,2,3,1,2,3,3,"Argentina","frecuente","ciencias-sociales-humanidades","bachelors","educacion","female",25,3
"92","B6GJJZ2lc36eHLhegwdE",4,4,5,4,2,4,4,1,1,4,4,"España","ocasional","ciencias-sociales-humanidades","masters","salud-servicios-sociales","female",24,2
"93","b9rG4B1Q2tUPglHcsU9o",5,5,5,4,5,4,4,4,3,5,4,"España","ocasional","ciencias-sociales-humanidades","bachelors","comercio-ventas","male",24,3
"94","bB1cXtNT4Va92iQGLYjh",3,3,4,4,2,1,2,1,3,4,4,"Argentina","ocasional","ciencias-educacion","bachelors","educacion","female",45,3
"95","BB5jIRBQYE1WvtiUPetq",4,4,4,4,2,2,2,1,2,2,4,"Argentina","esporadicamente","ciencias-economicas-administracion","doctorate","administracion-finanzas","male",40,3
"96","BeonDbO19euN4mCsxgfz",1,1,1,1,1,3,4,1,1,1,3,"Argentina","nunca","ciencias-educacion","high-school","consultoria-servicios-profesionales","male",47,3
"97","bKi5iAJmilo3QVbHVwk3",4,4,3,4,2,2,4,2,2,4,2,"Argentina","ocasional","ciencias-salud","bachelors","educacion","female",53,3
"98","BkZ9x2PFEuZR7Wd7IvAb",4,4,5,4,3,3,3,2,2,2,4,"Argentina","ocasional","ciencias-educacion","bachelors","educacion","female",44,2
"99","bMW2WvxqOwxJWeCvMIos",1,1,4,2,5,2,3,2,1,4,4,"España","esporadicamente","derecho-ciencias-juridicas","bachelors","salud-servicios-sociales","female",56,3
"100","bRheXXrRIRdvv92GH6pb",3,3,3,2,4,3,3,1,3,4,3,"Argentina","ocasional","ciencias-salud","bachelors","salud-servicios-sociales","female",55,3
"101","btPmS8YdY2kS4AiJhiO8",4,5,5,4,1,3,4,3,4,4,4,"Argentina","frecuente","ciencias-exactas-naturales","bachelors","educacion","male",51,2
"102","bURcbheNEb4YoWGDYqNJ",4,4,4,3,3,4,2,2,2,2,2,"Argentina","frecuente","ciencias-exactas-naturales","bachelors","educacion","female",52,2
"103","BWc1y12CU3gCEUAIMqU7",4,4,4,4,3,3,3,3,3,4,4,"Uruguay","esporadicamente","ciencias-economicas-administracion","masters","consultoria-servicios-profesionales","male",42,2
"104","bWeL5sXxMVtY70daeQE1",4,4,5,4,2,2,4,2,2,4,4,"España","frecuente","ciencias-salud","masters","industria-manufactura","female",26,3
"105","bwMJfYEWZXStDPqxK7aY",4,4,4,3,2,2,2,1,3,3,1,"Argentina","ocasional","ciencias-salud","bachelors","educacion","female",66,2
"106","BwzWNM42sJTsl4toOgi7",4,5,5,3,2,1,1,1,2,3,2,"Argentina","frecuente","ciencias-sociales-humanidades","bachelors","educacion","female",29,2
"107","bXpBBDal98BmJKd0pvQK",3,4,4,4,1,2,4,2,5,2,2,"Argentina","ocasional","ciencias-educacion","bachelors","educacion","female",33,3
"108","bygJ9OUaGTp2eQ5eaZg1",4,5,5,4,2,1,2,1,1,2,4,"Argentina","ocasional","ciencias-salud","bachelors","gobierno-sector-publico","female",34,2
"109","byjxwwsZK5uk3uqfJzea",2,3,5,4,1,4,3,1,1,3,4,"Argentina","ocasional","ciencias-economicas-administracion","high-school","otra-no-aplica","female",19,3
"110","bZPreIWvJz9oWNAc8ZKj",2,3,4,3,3,2,3,1,2,1,1,"Argentina","frecuente","otra-no-aplica","bachelors","educacion","male",54,3
"111","BZVCOB9krf0C3ubpIX6X",4,4,4,4,1,1,2,2,3,3,4,"Argentina","frecuente","ciencias-salud","bachelors","salud-servicios-sociales","female",38,3
"112","C5iRZdPgGK5StsFY5RUc",3,3,5,4,2,3,3,2,4,2,4,"Argentina","esporadicamente","ciencias-salud","bachelors","salud-servicios-sociales","male",64,3
"113","CALdQ949h79iQP3gY3px",4,5,4,4,5,4,4,3,4,4,4,"Argentina","frecuente","ciencias-economicas-administracion","high-school","administracion-finanzas","male",18,3
"114","cGB92EwAugcN6c7F9nSN",5,4,5,4,3,4,4,4,4,4,4,"Argentina","frecuente","ingenieria-tecnologia","masters","tecnologia-informatica","male",41,2
"115","CGlRRf24wxKt2kUZoCDx",4,4,5,4,2,2,3,2,3,3,3,"Argentina","ocasional","derecho-ciencias-juridicas","bachelors","educacion","female",41,3
"116","cIdmFUvGIZq8VKMaZM5i",3,5,5,3,3,3,1,1,1,2,4,"Argentina","frecuente","ciencias-educacion","bachelors","educacion","male",58,2
"117","Cj1JKuig721K45HxkXwn",3,5,5,4,3,4,4,2,4,2,2,"Argentina","frecuente","ciencias-sociales-humanidades","bachelors","gobierno-sector-publico","male",29,3
"118","cKja36vXxpgwMgpgAHgg",3,3,3,3,2,1,1,1,1,2,2,"Argentina","esporadicamente","ciencias-educacion","doctorate","consultoria-servicios-profesionales","female",65,2
"119","CKQRzdxMHQBompgJXnA3",5,5,5,4,2,2,4,3,3,2,5,"Argentina","frecuente","ciencias-exactas-naturales","doctorate","educacion","female",74,2
"120","CLg5zmGmLwCxmgwjsVZb",4,4,4,4,3,4,2,2,2,2,4,"Argentina","frecuente","ciencias-educacion","bachelors","educacion","male",43,3
"121","cNVkmpcW4jlQV85z5oHD",4,4,4,4,3,3,3,2,2,4,4,"Argentina","ocasional","arte-diseno","bachelors","comunicacion-marketing","female",36,2
"122","coJUgDXi9PT3aqOGN8QE",2,4,4,3,4,2,1,1,1,1,2,"Argentina","ocasional","ciencias-sociales-humanidades","bachelors","comunicacion-marketing","male",25,3
"123","CPjWl5FqKdB8KEaidlZU",3,3,4,3,3,1,1,1,1,1,1,"Chile","ocasional","ciencias-sociales-humanidades","bachelors","gobierno-sector-publico","male",26,2
"124","CqxMk0OW58jc8zGH7d0a",2,2,4,3,3,1,2,1,1,1,2,"Argentina","frecuente","ciencias-sociales-humanidades","bachelors","salud-servicios-sociales","female",58,2
"125","ctkkLBWAbeOk4eHT4X5V",4,4,4,4,1,3,4,3,3,4,4,"Argentina","ocasional","ciencias-economicas-administracion","masters","educacion","male",50,2
"126","cTOGnthv0kS7c6fyW67Q",2,3,5,3,5,3,3,3,3,3,5,"Argentina","frecuente","ciencias-economicas-administracion","bachelors","educacion","male",25,3
"127","CvvO9lFM0Le46boSogMg",5,5,4,3,3,2,4,2,2,3,3,"España","frecuente","ciencias-educacion","bachelors","educacion","female",25,3
"128","CxTyIYaFhrIDDrMTPAOg",5,5,5,5,1,3,3,3,3,5,5,"Argentina","frecuente","ingenieria-tecnologia","other","educacion","male",49,3
"129","d0hsU9VH2mGRN07ZX6lQ",4,5,5,5,3,4,4,1,1,3,4,"Argentina","ocasional","otra-no-aplica","bachelors","otra-no-aplica","male",27,2
"130","DA4sseCdXB8Ic6geJy7c",4,4,5,4,3,2,2,2,4,1,2,"España","frecuente","arte-diseno","bachelors","educacion","female",47,2
"131","DGozsuUqLsN4EckoTnt0",3,2,4,3,2,1,2,1,1,2,3,"Argentina","ocasional","ciencias-salud","doctorate","educacion","female",52,3
"132","dj7O0samgTIFbdeaOklC",4,4,5,3,3,3,3,3,3,4,4,"Argentina","frecuente","ciencias-educacion","masters","gobierno-sector-publico","female",55,2
"133","DpXcPtIY3lNR4bp8JwSs",3,3,5,3,3,1,1,1,2,2,2,"Argentina","esporadicamente","ciencias-sociales-humanidades","masters","educacion","female",36,3
"134","dQFeUNyIpaJjDhNR8uFT",4,5,5,4,4,3,2,4,4,4,5,"Argentina","frecuente","ciencias-sociales-humanidades","bachelors","tecnologia-informatica","male",48,3
"135","dqqAnXvZgUHYTryw3MSp",4,4,4,4,3,3,3,1,1,4,4,"Uruguay","esporadicamente","ingenieria-tecnologia","high-school","administracion-finanzas","female",62,3
"136","e1YjWyNOtnbZTh09ePwA",4,5,5,4,3,2,2,3,3,4,4,"Chile","frecuente","comunicacion-periodismo","bachelors","tecnologia-informatica","female",39,3
"137","e5sVorwED51CD0p9JzVg",4,4,5,4,2,2,2,2,2,2,2,"Argentina","frecuente","ciencias-sociales-humanidades","doctorate","educacion","female",56,3
"138","E6QT84zTr0qx07VcCdT3",3,3,4,3,3,2,2,2,2,3,3,"Argentina","frecuente","arte-diseno","bachelors","arte-cultura-diseno","female",44,2
"139","eBM3yy7wXOxPPPMwSh0n",4,5,5,3,4,2,5,3,4,4,3,"Argentina","frecuente","arte-diseno","bachelors","comunicacion-marketing","female",25,2
"140","ec8LnifnlW1V4wtJVWp9",4,4,4,4,4,4,4,4,4,4,4,"Argentina","frecuente","ingenieria-tecnologia","masters","gobierno-sector-publico","male",49,3
"141","ecOQH0d3g1ytgKHjHcQc",2,4,4,3,4,1,2,1,1,2,2,"España","frecuente","ciencias-educacion","bachelors","educacion","female",23,3
"142","EcrM0XRG4wzpS1S3tCHL",4,4,4,4,2,2,4,2,4,3,4,"España","frecuente","ciencias-educacion","bachelors","educacion","female",41,2
"143","eEJU2ABXKrA3bFm52noI",3,3,3,3,4,1,1,1,1,1,1,"Argentina","nunca","ciencias-sociales-humanidades","bachelors","educacion","female",65,2
"144","EeK8BrfTgTnyeA4s72Cu",2,4,4,3,3,3,1,2,4,2,4,"Argentina","frecuente","ciencias-salud","masters","salud-servicios-sociales","female",54,2
"145","EhiwpAwlei0P8FBDBqRV",3,4,4,4,2,3,4,1,1,2,4,"Argentina","esporadicamente","ciencias-educacion","bachelors","educacion","female",27,3
"146","eNKt3pi8LdJ23PQ8wunC",4,4,4,4,2,2,2,2,2,2,4,"Argentina","esporadicamente","ciencias-sociales-humanidades","bachelors","educacion","female",55,3
"147","eOVYSHMncbmYN9gImMWP",4,4,4,4,3,3,2,3,3,4,3,"España","esporadicamente","ciencias-sociales-humanidades","bachelors","educacion","male",26,3
"148","ER4PYJ5O03e963zdduyg",3,4,4,4,2,3,3,2,2,3,3,"Argentina","ocasional","derecho-ciencias-juridicas","bachelors","consultoria-servicios-profesionales","female",36,2
"149","Eue2kmArimzQavYQux9E",3,4,4,3,4,2,2,2,4,2,4,"Argentina","ocasional","otra-no-aplica","bachelors","educacion","female",49,3
"150","EX7rLiS0qk23yX45nRWi",3,4,4,4,2,2,2,2,2,3,4,"Argentina","ocasional","ciencias-salud","bachelors","gobierno-sector-publico","female",53,2
"151","ExbybxmQqQMFmVMpLopl",4,4,5,4,3,3,3,3,3,4,4,"Argentina","frecuente","ciencias-educacion","bachelors","educacion","female",44,3
"152","f1TKXHNRE79mLN3iGeur",2,3,3,2,4,2,2,1,1,4,1,"Argentina","nunca","ciencias-salud","bachelors","salud-servicios-sociales","female",46,2
"153","f2QgCOdkbtJiPNg5cDhb",3,3,4,3,5,2,4,2,2,4,3,"Argentina","esporadicamente","otra-no-aplica","bachelors","consultoria-servicios-profesionales","male",33,2
"154","f7BUAgwpLCx5AMoerh6c",4,5,4,3,3,4,4,4,4,4,4,"Argentina","ocasional","ingenieria-tecnologia","masters","consultoria-servicios-profesionales","male",50,2
"155","F9FZ48KRY8xXQY3It6fN",4,4,5,4,2,3,4,2,3,4,4,"Argentina","frecuente","ciencias-educacion","bachelors","educacion","male",61,2
"156","FCeO1NF3uvqIAxchkxM1",5,5,5,5,1,3,2,3,4,4,4,"Uruguay","frecuente","ingenieria-tecnologia","masters","tecnologia-informatica","male",54,2
"157","FEbvpoScPAGkx9pS8dPP",4,5,4,4,3,3,4,3,4,2,5,"Argentina","frecuente","ingenieria-tecnologia","high-school","otra-no-aplica","male",19,3
"158","fevA5LPb4hx5w6Gp24TR",2,2,4,3,1,3,4,4,1,5,4,"Argentina","ocasional","ciencias-salud","high-school","comercio-ventas","female",19,3
"159","Ff4YoniWYVCkN32mrHwf",4,5,5,4,4,4,4,4,4,4,4,"Otros","ocasional","ingenieria-tecnologia","masters","tecnologia-informatica","male",47,3
"160","FfcDNZ2b29vMYVEnShp3",3,4,4,4,2,2,3,1,1,4,4,"Argentina","esporadicamente","ciencias-salud","bachelors","salud-servicios-sociales","female",42,3
"161","FGUEBZqGI1QyFd5GgedJ",1,4,4,2,5,4,2,1,1,5,3,"España","frecuente","ciencias-educacion","bachelors","educacion","male",40,2
"162","fjS13zhBQWEG9BF4dj8h",5,4,5,4,3,3,4,2,1,3,4,"España","esporadicamente","ciencias-educacion","masters","educacion","female",46,2
"163","flbwd1UH5FiahkYH7E1q",3,4,4,3,1,1,1,1,2,3,4,"Argentina","frecuente","ciencias-salud","masters","salud-servicios-sociales","female",50,2
"164","FLJ8s69HGsjTsM4Mmdh4",3,4,4,3,2,3,2,4,5,4,5,"España","frecuente","ciencias-salud","masters","consultoria-servicios-profesionales","female",31,2
"165","FlWP4LWic4LgUNs6Jhmv",3,4,5,4,3,3,3,2,2,4,4,"Argentina","frecuente","ciencias-sociales-humanidades","masters","educacion","female",27,2
"166","fn6GJUViEqKCGPozdVR5",4,4,4,4,2,2,2,2,2,4,4,"Argentina","frecuente","ciencias-sociales-humanidades","masters","consultoria-servicios-profesionales","male",49,2
"167","FNltA9tlpeHNolf6ccZ6",3,3,4,3,3,2,2,2,3,3,2,"Argentina","esporadicamente","ciencias-sociales-humanidades","bachelors","otra-no-aplica","female",24,2
"168","FOBooXNHHDon3ihHY7F1",3,3,3,3,3,1,1,1,1,1,1,"Argentina","esporadicamente","ciencias-educacion","bachelors","educacion","female",55,2
"169","FOtUu7kPTQAXkcG86bHn",2,3,4,3,3,1,3,1,1,1,1,"Argentina","esporadicamente","arte-diseno","bachelors","educacion","female",43,3
"170","fPY617qsEuXHP0sPJ2Gv",4,3,4,4,2,3,3,2,3,3,4,"España","esporadicamente","ciencias-educacion","high-school","educacion","female",59,3
"171","FrBEqbLGw9e6YNdIRaRO",3,4,4,4,2,3,3,3,3,4,4,"Argentina","ocasional","derecho-ciencias-juridicas","bachelors","consultoria-servicios-profesionales","male",74,3
"172","FRNZHAQPzSYFZSKRaJEE",3,4,4,4,3,2,3,2,3,3,4,"Argentina","frecuente","ciencias-salud","masters","educacion","male",53,2
"173","fVy9M1RNn8P3otxbDK77",4,5,5,4,3,2,4,2,3,3,5,"Argentina","frecuente","derecho-ciencias-juridicas","masters","educacion","female",63,2
"174","Fz95j6fdI5U15neNyT95",3,4,4,2,4,2,2,1,1,2,4,"Argentina","ocasional","ciencias-educacion","bachelors","educacion","female",47,2
"175","g2iW9324qvBRdVNrn2YX",3,4,4,3,3,2,2,2,3,3,4,"Argentina","esporadicamente","comunicacion-periodismo","masters","educacion","female",47,2
"176","g6dkhBWhpRrnQ4GSurEq",3,5,5,4,2,4,4,2,1,5,4,"Argentina","frecuente","ciencias-salud","bachelors","comercio-ventas","male",24,3
"177","GaG4Gw7ENkiu5ER1L0hV",3,4,4,4,2,1,3,1,2,2,2,"Argentina","ocasional","ciencias-sociales-humanidades","bachelors","arte-cultura-diseno","female",45,2
"178","GaIRYgHmhEBYxPmtZ1tj",3,3,3,3,3,3,3,3,4,3,3,"Argentina","esporadicamente","ciencias-salud","bachelors","salud-servicios-sociales","male",62,3
"179","gEODGY6SlAfHDDeFg3U8",1,3,3,1,5,1,1,1,1,1,2,"Argentina","esporadicamente","ciencias-salud","bachelors","salud-servicios-sociales","prefer-not-to-say",38,3
"180","gesBhaytcG6687VyOKIP",2,3,4,3,3,2,2,1,1,2,4,"Argentina","esporadicamente","ciencias-salud","bachelors","salud-servicios-sociales","female",48,2
"181","GJ0WGwho8hum8Id85bB8",4,4,5,3,3,2,2,2,4,4,4,"Argentina","frecuente","ciencias-educacion","bachelors","educacion","female",65,3
"182","GlNS6I9Urcw8cnR5ZYwm",3,3,4,3,2,2,2,2,2,3,3,"Argentina","ocasional","ciencias-exactas-naturales","bachelors","educacion","male",52,3
"183","gnQV8N6LkNbkSumD74Gz",3,4,4,4,2,2,1,1,1,3,3,"Argentina","esporadicamente","ciencias-sociales-humanidades","high-school","educacion","male",36,3
"184","gqgBnyq09qr6aFaRoXSi",3,4,4,2,3,2,1,1,1,4,4,"Argentina","ocasional","comunicacion-periodismo","bachelors","arte-cultura-diseno","male",41,2
"185","GqXrbE24WWt9lpsb5xmk",4,4,4,4,3,3,3,1,2,2,2,"España","ocasional","ciencias-educacion","bachelors","educacion","female",25,3
"186","GR4hWFmQxWcCWbmjART1",3,3,4,3,3,2,2,1,1,1,2,"Argentina","ocasional","ciencias-sociales-humanidades","bachelors","educacion","female",52,2
"187","GSSClVjjveWe1w24kzzn",2,4,4,2,4,2,2,2,3,2,4,"Argentina","esporadicamente","ciencias-economicas-administracion","high-school","comercio-ventas","female",45,3
"188","GvJuBHxX45U3bi1hOKD1",4,4,4,3,3,2,3,2,3,2,2,"Argentina","esporadicamente","ciencias-salud","bachelors","salud-servicios-sociales","female",72,2
"189","GVwkySHQUBecogtGMOtd",4,4,4,4,2,4,4,3,3,4,4,"Argentina","ocasional","otra-no-aplica","bachelors","otra-no-aplica","male",34,2
"190","Gy2qITYn4Li0Ae5puUSK",5,5,5,4,1,3,2,2,2,3,5,"Argentina","frecuente","comunicacion-periodismo","doctorate","educacion","female",50,2
"191","h5fJ1DkKLvwknCEZDUAk",3,4,4,4,3,2,4,2,2,4,4,"Argentina","ocasional","ciencias-educacion","bachelors","educacion","female",39,3
"192","h8rgdDSQH6mXLbeBMME3",2,1,4,2,4,3,2,3,2,2,3,"Argentina","esporadicamente","ciencias-economicas-administracion","bachelors","administracion-finanzas","female",25,2
"193","hj0tBaZO1hU1oEckqLgS",3,4,4,3,3,2,2,2,2,3,2,"Argentina","esporadicamente","ciencias-educacion","other","educacion","female",48,3
"194","hjDB456bCAyjanBzoE0m",4,5,5,5,2,2,2,2,2,4,4,"Argentina","frecuente","ciencias-salud","doctorate","consultoria-servicios-profesionales","female",60,3
"195","HkrzfmUJCEPHGD3umtCY",1,5,1,1,3,3,3,2,3,4,4,"Argentina","frecuente","ciencias-economicas-administracion","other","comercio-ventas","male",18,3
"196","hLtwWmhsEqhrvwGu1tfu",5,4,5,4,2,2,3,1,1,3,3,"Argentina","frecuente","ciencias-sociales-humanidades","other","consultoria-servicios-profesionales","female",36,2
"197","hPXAdfzPnIGWMU4BYixT",4,3,4,4,3,3,3,2,4,4,4,"Argentina","esporadicamente","arte-diseno","bachelors","consultoria-servicios-profesionales","male",38,2
"198","hR5c74gaBPIEzC0XLB7r",3,4,5,4,3,4,3,3,2,3,4,"Argentina","frecuente","ciencias-sociales-humanidades","high-school","consultoria-servicios-profesionales","female",28,2
"199","HR5ds6iaOIlmGtyXtgBt",4,4,4,4,2,4,4,3,3,4,4,"España","frecuente","ciencias-educacion","other","educacion","female",23,3
"200","hSkAfqWG9MG5Tz5rAxFJ",3,4,1,4,1,3,1,1,3,3,3,"Argentina","esporadicamente","derecho-ciencias-juridicas","bachelors","tecnologia-informatica","female",64,2
"201","htmNgLiLxiYBula0wke0",3,4,4,3,3,2,2,1,1,3,2,"Argentina","ocasional","ciencias-exactas-naturales","bachelors","administracion-finanzas","female",57,2
"202","huIjbucnh0JTvmI6mFCA",5,5,5,5,2,1,4,1,1,4,4,"España","frecuente","ciencias-educacion","bachelors","educacion","female",52,2
"203","HuYqp7lyWyLHBMoHHAdn",3,4,4,4,2,3,3,2,2,4,4,"Argentina","frecuente","arte-diseno","bachelors","arte-cultura-diseno","male",41,2
"204","hWY4d2RGl4xH40vIZ9Xy",3,4,4,3,3,4,4,2,2,4,4,"Argentina","ocasional","ciencias-salud","bachelors","educacion","female",34,3
"205","Hz99eBTVIpJOQUyoQGaB",2,4,5,2,4,2,2,1,1,2,2,"Argentina","ocasional","ciencias-salud","bachelors","salud-servicios-sociales","female",30,2
"206","hZFBZK3on3jQaOcmVkZL",4,4,4,4,3,2,3,1,1,3,3,"Argentina","ocasional","ciencias-sociales-humanidades","bachelors","consultoria-servicios-profesionales","female",58,3
"207","HzMDaaPAq7aRNpetJkSB",3,5,5,4,2,4,5,5,4,4,5,"Uruguay","frecuente","ciencias-economicas-administracion","masters","comercio-ventas","male",38,3
"208","I188BB553UcI5H7rFOEV",4,4,4,4,2,4,1,2,4,4,5,"Uruguay","frecuente","ciencias-sociales-humanidades","masters","administracion-finanzas","female",40,3
"209","i1JtnxVm1iUNjbSYX1tC",4,4,5,4,1,2,3,3,3,3,3,"Argentina","frecuente","ciencias-educacion","masters","educacion","female",54,3
"210","i2DuDU4egzrsdYvzG6Ql",5,4,5,5,2,4,4,3,2,5,4,"Argentina","ocasional","ciencias-exactas-naturales","high-school","administracion-finanzas","male",19,2
"211","i7isDpWxiGNdn7QQtiAW",4,4,4,4,2,2,2,2,2,2,4,"Argentina","frecuente","ciencias-educacion","doctorate","gobierno-sector-publico","female",42,3
"212","i8M7UPuye91ymIxehD3c",5,5,5,4,3,4,3,4,4,3,4,"Argentina","esporadicamente","derecho-ciencias-juridicas","masters","gobierno-sector-publico","female",48,3
"213","IbfxDiUYgRqIbCOO3Y9z",5,5,5,5,3,1,1,1,1,5,3,"Argentina","frecuente","ciencias-economicas-administracion","masters","administracion-finanzas","male",45,3
"214","iFdC3XNVsjPCIT6ES1ag",4,4,4,4,3,3,3,3,2,4,3,"Argentina","frecuente","ciencias-educacion","masters","gobierno-sector-publico","male",54,2
"215","igKeKRW2WyKWRoWiPE4R",3,3,4,3,3,2,4,2,2,2,4,"Argentina","frecuente","ciencias-exactas-naturales","bachelors","educacion","female",50,3
"216","iHTRkbyOdNQzq9w3dQJ3",2,3,5,1,5,5,5,4,5,5,5,"Argentina","frecuente","ingenieria-tecnologia","bachelors","otra-no-aplica","female",34,3
"217","imgfYmJKspMQzvZni3FN",2,4,4,3,3,2,4,1,1,2,4,"Argentina","ocasional","otra-no-aplica","bachelors","educacion","female",52,2
"218","Iphrf03NB6bc4tDeFl54",3,3,4,3,3,2,2,1,1,4,3,"Argentina","ocasional","ciencias-sociales-humanidades","masters","educacion","female",37,2
"219","iQuBLN0btf5uyh0OTAty",5,5,5,5,1,5,4,2,5,5,5,"Argentina","frecuente","ciencias-sociales-humanidades","doctorate","educacion","male",39,2
"220","iQXTbnyEc5ZuNUp73nq0",1,4,5,2,2,2,5,1,1,1,2,"Argentina","frecuente","ciencias-sociales-humanidades","bachelors","otra-no-aplica","female",22,2
"221","ISbze9zSMMU5cakwGdNA",4,4,4,4,3,3,3,2,3,4,3,"Perú","frecuente","ciencias-sociales-humanidades","bachelors","consultoria-servicios-profesionales","male",52,3
"222","IVyHNf2Nc1443qyHrqNX",4,5,5,4,2,2,2,1,3,4,4,"Argentina","frecuente","ciencias-sociales-humanidades","bachelors","gobierno-sector-publico","female",28,2
"223","IXFWeJtJiJ6BjnNPnGvZ",4,4,4,3,4,2,2,1,1,4,3,"Argentina","frecuente","otra-no-aplica","high-school","otra-no-aplica","female",18,2
"224","iYVECJDxndyPa6zVOZeK",3,4,5,3,3,2,3,1,1,4,4,"Argentina","frecuente","comunicacion-periodismo","bachelors","consultoria-servicios-profesionales","female",54,3
"225","j07yl2qvyjbz6BAcj87K",3,3,4,3,5,4,4,2,2,3,3,"España","ocasional","ciencias-educacion","bachelors","educacion","female",22,3
"226","J0w2ZfY68QT6Cuggbvf6",2,2,4,2,3,2,1,1,1,2,3,"Argentina","ocasional","ciencias-salud","bachelors","consultoria-servicios-profesionales","female",54,3
"227","J3YZZCgPnom89BV0k2sf",4,4,5,3,3,2,2,2,4,3,4,"Argentina","frecuente","ciencias-salud","doctorate","educacion","female",41,2
"228","j6xhCNybeC3UgFs1kmSV",3,4,4,2,2,2,2,1,1,2,3,"Argentina","frecuente","ciencias-educacion","bachelors","educacion","female",40,2
"229","J6ZCnEDzuAflVlnvMvvb",5,5,5,4,3,3,2,3,3,4,5,"Chile","frecuente","comunicacion-periodismo","bachelors","tecnologia-informatica","female",39,3
"230","J7b2eqMe7YI9hyjOUQ5i",4,4,4,4,2,4,4,4,4,4,4,"Otros","frecuente","ciencias-educacion","masters","educacion","male",65,2
"231","J7JHbZIGIsRAhyKeX0yA",3,4,5,3,2,4,2,2,2,2,4,"Argentina","ocasional","ciencias-exactas-naturales","bachelors","educacion","male",61,3
"232","jBL0Xng9rpQ3aPHncReX",4,5,5,4,3,3,2,2,2,3,5,"Argentina","frecuente","ciencias-sociales-humanidades","doctorate","educacion","female",57,3
"233","JC3rpbhgW2Q6yN7Qes3l",2,4,4,4,4,3,2,2,1,4,2,"Argentina","ocasional","ciencias-salud","bachelors","otra-no-aplica","female",19,3
"234","JDlAMk27Atk5Bx0gkexs",3,4,5,4,3,3,2,1,1,4,2,"Argentina","esporadicamente","ciencias-economicas-administracion","high-school","otra-no-aplica","male",19,3
"235","Je1IstKmImCoFsOpvVRj",4,4,5,4,2,2,2,2,4,4,4,"Argentina","frecuente","ciencias-educacion","masters","educacion","female",44,3
"236","Je7CJ8TPnP6l3PhHQb6Y",3,4,4,4,2,3,3,3,3,4,4,"Argentina","esporadicamente","ciencias-salud","bachelors","gobierno-sector-publico","female",60,2
"237","JFlYAHtj6gsE0dcz562B",4,4,4,3,3,2,2,1,2,4,4,"Argentina","frecuente","comunicacion-periodismo","bachelors","tecnologia-informatica","prefer-not-to-say",42,2
"238","JIGuJ0hyucicBRIIWk0W",4,4,4,4,3,3,2,5,5,4,4,"Argentina","ocasional","ciencias-salud","bachelors","educacion","female",43,2
"239","jMzfHEPHuO5Iev8eRbx9",4,3,4,3,2,2,2,1,1,5,4,"Argentina","frecuente","otra-no-aplica","bachelors","educacion","female",23,3
"240","jnDfAMDSKEaPHvpN6HqZ",4,3,4,4,3,3,3,1,2,3,3,"Argentina","esporadicamente","ciencias-salud","bachelors","educacion","female",37,2
"241","JrIW2fQKgXViHdzndROH",4,5,5,4,2,3,4,2,2,4,3,"Argentina","ocasional","ciencias-educacion","bachelors","salud-servicios-sociales","male",29,2
"242","JuisXHjewb5aRiOHpmb4",3,4,5,3,3,3,4,2,2,3,5,"Argentina","frecuente","ciencias-sociales-humanidades","bachelors","educacion","female",22,3
"243","jUzoCvxirT4ulXFOmEXi",3,4,4,4,2,2,2,1,1,2,3,"Argentina","ocasional","ciencias-sociales-humanidades","bachelors","arte-cultura-diseno","female",47,3
"244","JvSElzh8DPuIg6T6wtKd",3,5,5,5,2,5,4,3,3,5,5,"Argentina","ocasional","ciencias-economicas-administracion","bachelors","tecnologia-informatica","female",39,2
"245","jwUhOT5atWRZ05GbSJZ4",3,4,3,3,2,3,2,4,3,4,4,"Argentina","ocasional","otra-no-aplica","high-school","otra-no-aplica","male",18,2
"246","jYUqnU9CMSlzfGEvvJ6q",2,2,3,2,4,1,2,1,1,2,2,"Argentina","esporadicamente","ciencias-salud","masters","educacion","female",49,3
"247","K6TVkwQVoXzXUbDqEHJy",3,4,3,5,3,2,3,2,3,4,4,"Argentina","esporadicamente","otra-no-aplica","other","educacion","female",45,2
"248","k9v6FSeKBNOHZiFQgMrT",2,4,5,3,3,1,1,1,2,1,4,"Argentina","ocasional","otra-no-aplica","masters","consultoria-servicios-profesionales","female",46,2
"249","kfFsoGSqPNwrqaqCBAYk",3,5,4,4,1,1,5,1,4,1,4,"Argentina","esporadicamente","ciencias-salud","bachelors","otra-no-aplica","female",54,2
"250","kgt0DSdlEXLsklzVfnuB",2,2,3,3,3,3,3,2,2,3,4,"Argentina","esporadicamente","ciencias-salud","bachelors","otra-no-aplica","female",35,2
"251","kILKiXWi0DnzOA9NcYJ4",3,4,3,3,5,3,4,2,2,4,4,"España","nunca","ciencias-economicas-administracion","other","comercio-ventas","female",51,3
"252","kJGfZaocBud2f7ik77a1",4,4,4,4,2,4,4,3,2,3,4,"Argentina","ocasional","arte-diseno","bachelors","educacion","male",53,3
"253","KjOtGGpBIAPDBxhShPx8",4,5,5,5,2,3,4,3,3,4,4,"Uruguay","ocasional","ciencias-economicas-administracion","masters","comercio-ventas","male",44,3
"254","KM0Te0qrinS7v6knuL2X",3,3,4,4,2,1,2,2,2,2,2,"Perú","ocasional","ciencias-sociales-humanidades","masters","gobierno-sector-publico","male",35,2
"255","knzXUEB98RG2Kq3B4rTg",4,5,5,4,3,2,2,3,2,3,4,"Argentina","ocasional","ingenieria-tecnologia","high-school","industria-manufactura","female",18,2
"256","KOhZwHg9yakhk3yUhE2s",4,4,4,4,2,2,2,2,2,4,4,"Argentina","frecuente","derecho-ciencias-juridicas","bachelors","consultoria-servicios-profesionales","female",44,2
"257","Kp4Uq7GAQDBjPC72s3Yp",3,4,5,3,3,4,1,4,4,4,3,"España","frecuente","ciencias-sociales-humanidades","masters","educacion","male",31,3
"258","L5onfsNzp3ZgQ7qStpDv",3,5,5,5,3,3,2,1,1,1,4,"Argentina","frecuente","comunicacion-periodismo","high-school","comunicacion-marketing","female",25,2
"259","l8brnHIatzE5XLaDyL6H",5,1,1,5,1,1,1,1,1,1,1,"Argentina","nunca","ciencias-salud","other","salud-servicios-sociales","female",45,3
"260","LAD5FKBSHcpUjs2jnvGG",4,5,5,4,3,1,1,2,4,2,5,"Argentina","frecuente","ciencias-sociales-humanidades","bachelors","consultoria-servicios-profesionales","male",25,2
"261","lahfamcmwQ1WDJFbu6xt",4,4,4,4,2,2,1,2,2,2,4,"Argentina","frecuente","ciencias-educacion","bachelors","educacion","female",43,2
"262","LCE5t1jcuyfo1AsEZ2By",3,4,5,4,2,3,3,1,1,3,4,"Argentina","ocasional","derecho-ciencias-juridicas","masters","gobierno-sector-publico","male",26,2
"263","LCwXNbipQnxiEwDFwVaa",4,4,4,4,3,4,4,3,4,3,4,"Argentina","ocasional","ciencias-economicas-administracion","high-school","otra-no-aplica","male",18,3
"264","lEgOyXRKWgVwh5IfhAYe",4,4,5,3,3,3,4,2,4,2,3,"Argentina","frecuente","ciencias-sociales-humanidades","high-school","salud-servicios-sociales","female",25,3
"265","lFP2IxwVVQyUDHiedP4y",2,3,5,3,4,1,2,1,1,1,1,"Argentina","ocasional","ciencias-educacion","bachelors","educacion","female",37,2
"266","Lgr55AL9OwQLeJ1KAU8z",3,4,4,2,3,2,1,1,2,2,2,"Argentina","ocasional","ciencias-sociales-humanidades","bachelors","educacion","male",47,3
"267","Lhg0eYx6DMTglCWggyyR",2,4,4,4,3,1,2,1,1,3,3,"Argentina","ocasional","ciencias-sociales-humanidades","high-school","gobierno-sector-publico","female",22,3
"268","lixwHwr98x3zCddht6os",3,4,4,3,3,2,1,2,1,2,3,"Argentina","ocasional","ciencias-sociales-humanidades","bachelors","educacion","male",41,3
"269","LJ0vAmWJclpeIDt9ZhZy",3,4,4,4,3,3,3,1,1,2,2,"Argentina","ocasional","otra-no-aplica","masters","educacion","female",42,3
"270","LktITJTzRQfWVk1ooAiu",4,5,4,4,3,3,1,1,4,2,4,"Perú","frecuente","ciencias-salud","bachelors","otra-no-aplica","female",19,2
"271","lLH4SZOf46yGsiaE0ffV",1,3,4,2,5,1,2,1,1,1,1,"Argentina","ocasional","ciencias-educacion","bachelors","educacion","female",25,2
"272","lNkq03GCXqDWwxB8dMEm",3,4,4,3,3,1,1,1,1,2,2,"Argentina","esporadicamente","ciencias-sociales-humanidades","doctorate","educacion","female",57,2
"273","lpuIPhRDtPoY1Sx8WjVL",4,4,5,3,4,1,4,2,4,2,4,"Argentina","frecuente","ciencias-sociales-humanidades","doctorate","educacion","male",45,2
"274","LQLtmIgd8DjVA5ld0dMN",2,4,4,2,4,1,1,1,1,2,4,"Argentina","esporadicamente","ciencias-sociales-humanidades","doctorate","educacion","female",37,2
"275","LRWa2QWN0ICkWlXQ0Ejn",3,3,4,4,3,2,4,1,1,3,4,"España","esporadicamente","ciencias-economicas-administracion","masters","comercio-ventas","female",34,3
"276","Ls6aaAvSM4M0QatNIias",3,3,4,4,2,2,2,2,3,2,3,"Argentina","frecuente","ciencias-salud","doctorate","salud-servicios-sociales","female",45,3
"277","LSHtXSxdccCjoLYLDFCQ",5,5,5,4,1,3,3,3,4,5,4,"Argentina","frecuente","ciencias-economicas-administracion","bachelors","otra-no-aplica","male",20,3
"278","lSplPqMa8EfGQkOG3mVh",4,5,5,4,3,3,4,1,2,3,4,"Argentina","ocasional","ciencias-salud","high-school","otra-no-aplica","female",23,3
"279","ltdY8MbuwpY2MW1Hwqw5",3,4,4,4,4,2,2,2,2,2,2,"Argentina","frecuente","ciencias-sociales-humanidades","high-school","otra-no-aplica","male",23,2
"280","lylvkfgnf13gHdaLy1be",4,4,4,4,2,3,3,2,3,3,4,"Argentina","frecuente","derecho-ciencias-juridicas","bachelors","educacion","male",57,2
"281","M6e9F8XlDksBy24kE4pl",5,5,5,5,1,3,2,3,4,2,5,"Argentina","ocasional","ingenieria-tecnologia","high-school","otra-no-aplica","male",18,3
"282","M9Qm8hsbTLcO9RmUu4XK",4,3,5,3,1,1,4,1,1,1,1,"Argentina","esporadicamente","ciencias-economicas-administracion","bachelors","comercio-ventas","male",25,2
"283","mAk1f9gnpPpKo5ksxCoG",5,5,5,4,2,2,2,2,2,2,4,"Argentina","frecuente","ciencias-sociales-humanidades","masters","consultoria-servicios-profesionales","female",44,3
"284","mcCRT7HbcmPs1XByK4BD",3,1,1,3,4,2,3,2,4,1,4,"Argentina","frecuente","ciencias-sociales-humanidades","doctorate","educacion","male",60,2
"285","mDxKbsW2cUSFOplRYFhj",3,3,4,3,2,2,3,2,3,4,4,"Argentina","ocasional","ciencias-educacion","masters","educacion","female",46,2
"286","mfCJjwOoIdsCPWYYogch",2,2,4,2,5,1,3,1,1,3,3,"Argentina","esporadicamente","ciencias-sociales-humanidades","bachelors","industria-manufactura","female",25,3
"287","mFsSMl6jOQoDkEuVk55k",4,3,4,4,2,2,2,2,2,2,4,"Argentina","frecuente","ciencias-salud","bachelors","salud-servicios-sociales","female",31,2
"288","MKJuUpEXJzS6wbjCEvHh",3,5,5,4,1,3,3,3,2,4,4,"Argentina","frecuente","derecho-ciencias-juridicas","bachelors","salud-servicios-sociales","female",45,3
"289","MKPWCCGMYnHYv8v2hDbh",3,2,3,3,3,2,2,2,2,2,2,"Argentina","nunca","ciencias-economicas-administracion","high-school","administracion-finanzas","female",47,3
"290","ML1i8PyO0Jm1MZoHx3WH",4,2,1,2,5,2,2,1,1,1,2,"Argentina","ocasional","ciencias-salud","bachelors","otra-no-aplica","female",40,2
"291","mleX7L6Ce7BtjzK8R4Ea",4,4,4,3,3,1,2,2,3,4,4,"España","frecuente","arte-diseno","masters","arte-cultura-diseno","female",25,2
"292","MLS6Q7hc2seqEvLMoSID",4,3,5,4,1,2,3,1,1,1,2,"Argentina","ocasional","ciencias-sociales-humanidades","masters","arte-cultura-diseno","male",32,2
"293","mPEMrSOdwfk3lDYNBR0l",4,4,4,4,3,3,3,2,2,2,3,"Otros","esporadicamente","ciencias-educacion","doctorate","educacion","female",61,2
"294","ms3b0GD6lcAUDLYGBitr",5,3,5,4,1,2,2,2,2,2,2,"Argentina","frecuente","ciencias-sociales-humanidades","bachelors","tecnologia-informatica","male",29,3
"295","ms76pkCYpq9TwnGCEXy8",2,4,4,3,3,2,2,2,2,2,4,"Argentina","ocasional","arte-diseno","high-school","educacion","male",43,3
"296","mWfKh6rLwwY5x2m6yued",4,5,5,3,3,2,2,1,1,2,4,"Argentina","frecuente","ciencias-exactas-naturales","high-school","otra-no-aplica","male",24,2
"297","MwvSZ2Wq0JwJsw0FQpKD",4,4,4,4,2,3,3,2,3,5,4,"Argentina","ocasional","ciencias-salud","bachelors","salud-servicios-sociales","female",42,2
"298","myZNuAAHS72Doa5sw7Kx",4,5,5,4,1,4,2,1,1,4,2,"Argentina","ocasional","ciencias-sociales-humanidades","masters","consultoria-servicios-profesionales","male",40,3
"299","N3y8Hh8f61cKw1tHPIH9",3,4,4,3,4,2,1,1,1,2,4,"Argentina","esporadicamente","ciencias-salud","doctorate","salud-servicios-sociales","female",56,3
"300","n4ZWXEjSCuwant00WoW6",3,2,4,2,4,3,3,2,2,4,2,"España","ocasional","ciencias-sociales-humanidades","bachelors","educacion","female",35,2
"301","n6dQ1bZA6IT9aww73nss",4,4,5,3,2,3,2,1,2,4,4,"Argentina","ocasional","ciencias-salud","bachelors","salud-servicios-sociales","male",40,2
"302","NaU1a0OpJO9Tw16WAcmE",4,4,5,3,3,1,1,2,4,4,4,"Chile","frecuente","ciencias-salud","bachelors","otra-no-aplica","female",26,2
"303","nBkdnUq8dp6hBoAuNQIP",4,4,5,4,3,3,4,3,3,4,4,"Uruguay","frecuente","ciencias-economicas-administracion","bachelors","administracion-finanzas","male",42,3
"304","NCbqB71H8H3IFbkURYgL",4,3,4,4,1,2,3,3,2,4,3,"Argentina","ocasional","otra-no-aplica","bachelors","otra-no-aplica","male",41,3
"305","nctvuhKti9yqDOh8pyci",4,5,4,4,4,3,3,1,4,2,4,"España","ocasional","ciencias-sociales-humanidades","doctorate","educacion","female",44,2
"306","NfZ2hCzkqc88uo9ik17l",3,4,4,4,3,4,4,3,4,4,4,"Argentina","esporadicamente","ciencias-sociales-humanidades","bachelors","educacion","female",34,2
"307","NHVTfLwncquTd0GsEvsr",3,4,5,2,2,1,1,1,1,1,4,"Argentina","frecuente","ciencias-sociales-humanidades","bachelors","comercio-ventas","female",47,3
"308","nIsBOgZmyLmPvJ9BJ822",2,4,3,2,4,3,4,2,2,4,4,"España","nunca","otra-no-aplica","high-school","comercio-ventas","female",56,3
"309","njR2XBsbQ7RmADktSDmC",3,4,4,4,3,2,2,1,2,3,2,"Argentina","ocasional","ciencias-sociales-humanidades","masters","educacion","female",49,3
"310","nkXeEFBe9r3ZjQ9mLQBK",4,4,4,4,2,3,3,1,1,4,4,"Argentina","ocasional","ciencias-salud","bachelors","salud-servicios-sociales","male",64,3
"311","NLp2bipPRRsyF2OxtNcJ",3,4,4,3,3,3,4,4,3,3,4,"Argentina","esporadicamente","otra-no-aplica","bachelors","otra-no-aplica","female",58,2
"312","nNCkqOuQA508taOMAndy",5,5,5,5,3,3,3,3,3,2,3,"Argentina","frecuente","ciencias-exactas-naturales","bachelors","educacion","male",56,2
"313","NPzvmwbkCrKvhuB5yIiD",4,3,4,3,3,4,5,4,4,4,5,"España","esporadicamente","ciencias-educacion","bachelors","educacion","female",28,2
"314","NsMRTR4IcF3C1gTRzKR8",3,4,4,3,3,1,2,2,2,2,2,"Argentina","esporadicamente","ciencias-sociales-humanidades","bachelors","educacion","female",36,2
"315","nsoyC7r7IFTAbM3iuyQF",4,5,5,5,2,4,4,3,4,3,4,"Uruguay","ocasional","ciencias-economicas-administracion","bachelors","administracion-finanzas","female",56,2
"316","NTi8OdFETF2uzmGbD6r6",4,4,5,3,3,3,2,2,3,4,3,"España","ocasional","ciencias-educacion","masters","educacion","male",28,2
"317","nutGDofApR0kwWdkpuIJ",4,4,4,4,2,2,1,2,2,4,4,"Argentina","frecuente","ciencias-exactas-naturales","bachelors","consultoria-servicios-profesionales","female",30,3
"318","NWxQcPzwDECC925cAO8H",2,3,4,2,4,3,2,2,2,4,4,"Argentina","frecuente","ciencias-sociales-humanidades","doctorate","educacion","male",47,2
"319","NXPvhmXkNOpKlVwtDtbP",3,3,4,5,2,2,3,1,2,4,4,"Argentina","ocasional","arte-diseno","bachelors","comunicacion-marketing","male",40,3
"320","Nyj2szpBGZeLdnwJy6eJ",4,4,5,4,2,2,2,2,2,2,2,"Argentina","frecuente","arte-diseno","bachelors","tecnologia-informatica","female",49,3
"321","NZ27zA9X9H46JKgAhvuv",1,3,4,3,3,1,4,1,3,2,2,"Argentina","ocasional","ciencias-salud","bachelors","otra-no-aplica","female",22,2
"322","nzjnxjZevZWYkWrhP9vi",4,4,5,4,2,2,2,4,4,2,4,"Argentina","frecuente","ciencias-sociales-humanidades","masters","educacion","female",41,3
"323","nzXj4jUqOhzcExMjFzsx",5,5,5,5,3,3,3,2,3,4,4,"Argentina","ocasional","ciencias-salud","bachelors","salud-servicios-sociales","female",58,2
"324","nZzP22iArK77TXc4vNaz",4,4,5,4,1,2,4,2,2,2,4,"Argentina","esporadicamente","ciencias-economicas-administracion","bachelors","otra-no-aplica","female",18,3
"325","O0Ajhlq5BXoKZHSIYGjB",5,5,5,5,2,4,4,4,4,5,5,"Argentina","ocasional","arte-diseno","bachelors","arte-cultura-diseno","female",50,3
"326","O3iWwYVHuApp1gmedVVn",3,4,4,3,3,2,2,1,1,4,4,"Argentina","frecuente","ciencias-exactas-naturales","doctorate","educacion","female",55,2
"327","o6QOfnIzyMRD3eAGVL5w",3,4,1,4,3,1,1,1,2,2,2,"Argentina","ocasional","ciencias-educacion","bachelors","educacion","female",57,2
"328","o7nJ4MJG9rPRL6hFd6IA",5,5,4,5,5,4,4,3,3,5,4,"España","frecuente","ciencias-sociales-humanidades","other","educacion","female",31,3
"329","oAzi5vRObNzjCuepEBeq",4,4,4,4,2,3,3,2,4,4,4,"Argentina","ocasional","ciencias-sociales-humanidades","masters","gobierno-sector-publico","female",45,2
"330","OdEOUAgxJAZi2YXSAEAZ",5,4,5,4,2,2,4,4,4,3,4,"Argentina","frecuente","ciencias-salud","bachelors","salud-servicios-sociales","female",40,3
"331","oeUSfiOATwt8wdOeM3Lk",3,4,5,4,1,2,3,1,1,2,4,"Argentina","frecuente","ciencias-educacion","masters","educacion","female",48,3
"332","oOpEW1jNq0RdySt9wkTb",4,4,4,3,3,3,2,2,2,2,4,"Argentina","ocasional","ciencias-exactas-naturales","bachelors","educacion","male",36,3
"333","oOzHubCq5Nirv6ioyndR",2,4,4,3,3,2,4,2,2,4,4,"Argentina","ocasional","ciencias-educacion","bachelors","educacion","female",33,3
"334","orQKFLwjWJjrhZdIMgun",5,5,5,5,1,1,1,3,3,3,4,"Argentina","esporadicamente","derecho-ciencias-juridicas","bachelors","otra-no-aplica","male",34,2
"335","oSQ75r8lRUfvwIyBGVaW",3,4,4,4,2,3,3,3,3,4,4,"Argentina","ocasional","otra-no-aplica","bachelors","otra-no-aplica","male",40,3
"336","oTbiKJlfzVVFQhuBMKD4",2,3,4,4,3,2,3,2,2,2,2,"Argentina","ocasional","arte-diseno","bachelors","arte-cultura-diseno","female",26,2
"337","p4oFfAfoiXsF0wRvb89Y",3,4,4,4,3,2,2,1,1,2,2,"Argentina","ocasional","ciencias-salud","bachelors","educacion","female",24,3
"338","P70UhyhKOVSArWk4s95x",4,5,4,4,2,2,2,2,4,2,4,"Argentina","ocasional","ciencias-salud","bachelors","educacion","female",37,3
"339","p97xCWKmYQtpLhcTWFCJ",3,5,5,4,3,2,2,1,1,3,2,"Argentina","frecuente","ciencias-salud","doctorate","otra-no-aplica","female",52,3
"340","pbgfCeWZlUOK88C4elpY",4,4,4,4,2,2,2,2,2,4,4,"Argentina","esporadicamente","ingenieria-tecnologia","bachelors","consultoria-servicios-profesionales","female",30,2
"341","pmXh0RMPQUzw9UwI6Qhy",4,4,5,5,3,3,4,4,3,4,5,"Argentina","frecuente","informatica-programacion","high-school","tecnologia-informatica","male",18,2
"342","pwGLA2iyyYrbhiR0EQiZ",2,3,3,2,2,2,2,2,2,2,2,"Argentina","ocasional","ciencias-sociales-humanidades","bachelors","educacion","male",25,3
"343","pxjjHgnc8wSvvF8JegBX",4,4,4,4,3,3,3,2,3,3,4,"Argentina","esporadicamente","ciencias-sociales-humanidades","masters","educacion","female",65,3
"344","Py7gQZYyll54YpqMD22Q",3,3,4,4,3,4,4,2,2,2,2,"Argentina","ocasional","ingenieria-tecnologia","high-school","comercio-ventas","male",51,2
"345","Q2to9T7iJW7JOa6AiJ2F",1,3,4,2,3,1,1,1,1,4,3,"Argentina","esporadicamente","ciencias-sociales-humanidades","bachelors","comunicacion-marketing","female",31,3
"346","QauGaOHOrIn0FsbvSJ7x",3,3,5,3,2,3,3,3,3,2,3,"Argentina","ocasional","ciencias-educacion","bachelors","educacion","male",34,3
"347","QB8THuzX7Y07WBifyrFW",4,2,5,3,3,4,4,4,2,2,4,"Argentina","frecuente","ingenieria-tecnologia","bachelors","consultoria-servicios-profesionales","male",33,2
"348","QbKwHkfGJiPWZi1SPHfp",3,4,4,3,3,2,3,2,2,2,5,"España","frecuente","ciencias-educacion","masters","educacion","female",27,2
"349","QFcxPUHwkRLKBifyOHbZ",5,5,5,4,3,2,2,2,2,2,4,"Argentina","ocasional","ciencias-educacion","bachelors","educacion","female",52,3
"350","qfKurzogsvwpSh5bshEo",4,5,5,4,3,3,3,3,4,4,4,"Uruguay","ocasional","ciencias-economicas-administracion","masters","salud-servicios-sociales","male",39,2
"351","qGtONbuef2JYX5qffPfn",3,4,5,4,3,3,3,3,2,2,4,"Argentina","frecuente","informatica-programacion","bachelors","administracion-finanzas","female",28,3
"352","qHckurahb4RWqDtyBEvL",2,4,4,3,4,1,2,1,1,2,1,"Argentina","frecuente","ciencias-sociales-humanidades","bachelors","administracion-finanzas","male",24,3
"353","qhVzN7MJyQjySzOWADi8",3,4,5,4,2,2,3,1,3,2,4,"Argentina","frecuente","informatica-programacion","masters","administracion-finanzas","male",61,2
"354","QjU356cIrJwIJS4IHDZE",3,5,5,3,3,2,4,2,3,5,4,"España","frecuente","ciencias-educacion","bachelors","educacion","female",24,2
"355","QjVUJrJp7Y9oPsf0Fjlw",4,4,4,4,2,2,3,2,2,3,2,"Argentina","ocasional","ciencias-salud","bachelors","salud-servicios-sociales","female",55,3
"356","qp6Be03VR8QxEWxeOQUh",3,2,4,1,5,1,1,2,3,2,4,"Argentina","ocasional","ciencias-sociales-humanidades","bachelors","educacion","female",25,2
"357","qSA13Q1F6teuOxM9uahs",3,4,4,3,3,2,1,1,2,2,4,"Argentina","ocasional","ciencias-sociales-humanidades","bachelors","gobierno-sector-publico","male",25,2
"358","qVAHuX2Vfuj5pdfiJI7o",3,4,4,3,3,1,2,1,4,2,2,"Argentina","ocasional","otra-no-aplica","other","educacion","female",38,3
"359","qw15nleI2V3JFtI7Sjh3",3,3,4,3,4,3,4,2,2,2,4,"Argentina","ocasional","ciencias-economicas-administracion","high-school","educacion","male",18,3
"360","qwe0ln62MPDV7bsJifFg",2,4,4,2,4,2,2,1,1,4,4,"Argentina","nunca","ciencias-salud","bachelors","salud-servicios-sociales","female",35,3
"361","qZHxp1cOqctFu72lvVIc",2,2,4,3,2,2,2,2,2,2,2,"Argentina","ocasional","otra-no-aplica","bachelors","otra-no-aplica","female",60,3
"362","qZuDxVNVW9dptdjq0tSb",5,5,5,3,4,2,2,1,2,2,3,"España","frecuente","ciencias-educacion","masters","educacion","male",27,2
"363","r7ynFPGtAsLBjAelPCBF",3,4,5,3,2,1,3,1,1,3,3,"Argentina","ocasional","ciencias-salud","masters","gobierno-sector-publico","female",55,3
"364","rB3koAoSUbpRcfC76WQP",5,5,5,5,3,3,2,3,3,3,3,"Argentina","frecuente","arte-diseno","masters","educacion","female",61,2
"365","Rhh8IyZTGjFAj6yPsE9l",4,4,4,4,2,2,4,2,2,3,4,"España","ocasional","ciencias-educacion","bachelors","educacion","female",36,2
"366","rJiaWnNJgNicTybqMbe3",3,3,3,2,4,2,2,1,3,1,1,"Argentina","esporadicamente","ciencias-sociales-humanidades","bachelors","arte-cultura-diseno","female",35,2
"367","RkBKmQ9Vj4WyLcBz4Dbg",2,4,5,4,2,2,2,4,4,4,4,"Argentina","frecuente","ciencias-educacion","masters","educacion","female",60,3
"368","rpFaWAtRssgsdXyKGYc8",1,4,4,1,3,1,1,1,1,1,1,"Argentina","frecuente","ciencias-educacion","high-school","educacion","female",23,3
"369","RQNa4FNqD3xeMpFrFh7w",4,4,4,4,3,2,3,2,2,2,4,"Argentina","ocasional","ciencias-salud","bachelors","educacion","female",46,3
"370","RSi0FuJXMNwZDKIeTsba",4,5,5,5,2,4,4,3,4,4,4,"España","frecuente","comunicacion-periodismo","masters","comunicacion-marketing","female",26,3
"371","rUwGJK8cukmMBDzbybwv",4,4,5,4,3,2,2,1,2,4,4,"Argentina","frecuente","ciencias-sociales-humanidades","bachelors","educacion","male",43,3
"372","rw8HkaHCZDad3a7qki2e",4,3,4,4,4,3,3,2,2,4,3,"Argentina","esporadicamente","ciencias-sociales-humanidades","masters","salud-servicios-sociales","male",38,2
"373","rwj4i1JDsBAKFzdeBM7I",2,4,4,4,3,2,2,1,1,2,4,"Argentina","ocasional","ciencias-salud","bachelors","salud-servicios-sociales","male",42,3
"374","Ry2crzFhHnYQhERW6mDK",3,5,5,5,3,2,3,2,2,4,5,"Argentina","ocasional","derecho-ciencias-juridicas","bachelors","gobierno-sector-publico","female",26,3
"375","s4iuqKGGQ9o7ikWGmqAg",3,3,5,3,4,3,2,1,1,2,4,"Argentina","esporadicamente","ingenieria-tecnologia","bachelors","consultoria-servicios-profesionales","female",30,2
"376","sd7hYZCIX46nfCXiG38F",5,5,5,5,1,5,5,5,5,5,5,"Argentina","frecuente","ciencias-educacion","bachelors","salud-servicios-sociales","female",59,3
"377","SHAY4mo963cI95exBcVq",1,3,4,3,4,4,4,2,3,2,3,"Otros","esporadicamente","comunicacion-periodismo","bachelors","consultoria-servicios-profesionales","male",37,2
"378","sio7tsMROoHhI7F3d5zO",1,4,4,4,3,1,3,1,2,2,3,"Argentina","ocasional","ciencias-economicas-administracion","bachelors","gobierno-sector-publico","male",36,2
"379","SLDNFr2d6Klruf6ktN9B",5,5,5,5,2,4,3,2,3,2,4,"Argentina","frecuente","informatica-programacion","bachelors","tecnologia-informatica","male",47,3
"380","SmuYvnEXB8EfkvvTXjdT",3,5,5,4,4,4,4,2,4,2,4,"Perú","ocasional","ciencias-salud","bachelors","otra-no-aplica","male",24,3
"381","sSLxkjZyCnmNfCWF8HBD",2,2,4,2,2,2,2,2,2,2,4,"Argentina","ocasional","ciencias-sociales-humanidades","bachelors","gobierno-sector-publico","female",23,2
"382","SSNxPlrVb5i7S2BUIJ3q",5,5,5,5,2,3,3,3,3,5,5,"Argentina","frecuente","ciencias-salud","doctorate","educacion","male",52,2
"383","SVwmhdqderpPtb1ug44F",4,4,4,4,2,3,3,3,3,3,4,"Uruguay","ocasional","ciencias-salud","masters","salud-servicios-sociales","male",54,3
"384","SVyzYMowikfuqnQcXw2R",4,4,4,3,1,3,4,1,2,4,4,"Argentina","ocasional","ciencias-economicas-administracion","high-school","educacion","male",19,3
"385","sx4y1k4VsnYNVmSgaBls",3,4,4,4,3,1,3,1,1,2,4,"Argentina","esporadicamente","ciencias-salud","bachelors","otra-no-aplica","female",19,3
"386","sXa0lRHgFkj4OOFTpVss",5,5,5,5,1,1,1,1,1,1,5,"Chile","frecuente","ciencias-economicas-administracion","doctorate","consultoria-servicios-profesionales","female",50,3
"387","sXFAm7x56KuFKb9fGCYI",3,4,5,3,4,3,2,1,1,2,3,"Argentina","ocasional","comunicacion-periodismo","high-school","otra-no-aplica","female",19,3
"388","sYZgA26XoIdNRp9z7hJu",4,4,4,4,2,4,4,2,3,3,4,"Argentina","ocasional","derecho-ciencias-juridicas","bachelors","comercio-ventas","female",25,3
"389","t0Wi84WfYct0niJgdeQd",1,4,4,4,2,4,5,4,4,2,4,"Argentina","ocasional","otra-no-aplica","other","educacion","female",65,3
"390","T1Q0UisZQis1w682K2lb",3,4,4,3,3,2,3,2,3,3,2,"Argentina","ocasional","ciencias-economicas-administracion","bachelors","consultoria-servicios-profesionales","male",60,2
"391","T3crc7oylGV9IBgbHq7n",3,3,3,3,3,3,3,3,3,3,4,"España","ocasional","ciencias-educacion","bachelors","educacion","female",45,3
"392","T6fHCwXphn4iasvNnbBI",4,5,5,4,4,4,4,2,2,4,2,"Argentina","frecuente","informatica-programacion","bachelors","educacion","female",51,2
"393","tb3ZaedNU6RZedmTx5rZ",3,4,5,4,3,5,5,5,4,5,5,"Argentina","frecuente","ciencias-educacion","other","administracion-finanzas","female",23,3
"394","TbBJilbJmfKku5F6wjbK",3,3,4,3,4,2,4,2,2,3,3,"España","esporadicamente","ciencias-educacion","bachelors","educacion","female",41,2
"395","TCdMoe8XxkKnIqgSkwv5",4,4,5,4,2,3,3,3,4,4,3,"España","ocasional","ciencias-educacion","bachelors","educacion","female",50,2
"396","th4vFC44QuVBNb6SMc11",4,4,5,4,2,3,3,2,2,2,4,"Argentina","frecuente","otra-no-aplica","bachelors","administracion-finanzas","female",27,2
"397","TMQVzR0fbwfAE0fotleB",4,5,4,4,2,3,2,3,4,3,4,"Argentina","frecuente","ciencias-economicas-administracion","bachelors","educacion","male",37,2
"398","TnOEpaB8UqQJqx1Ez81e",5,5,5,5,3,3,4,3,3,4,4,"Argentina","frecuente","ciencias-educacion","bachelors","educacion","female",43,3
"399","TNujWdT6TVSZQMHo03ws",4,5,5,4,3,2,3,2,2,4,3,"Argentina","ocasional","ingenieria-tecnologia","high-school","otra-no-aplica","male",19,3
"400","tSDboj2m6dhXFBx4Xilb",5,4,5,4,2,4,4,2,2,2,4,"Argentina","frecuente","ingenieria-tecnologia","bachelors","otra-no-aplica","male",23,3
"401","tuWqWkszZAbAcbV5A43l",3,4,4,4,2,2,3,3,2,4,4,"Argentina","ocasional","ciencias-educacion","bachelors","otra-no-aplica","female",60,2
"402","TwiQ59xsD4RP97fQJzFe",3,4,4,3,2,3,4,2,3,4,4,"Otros","esporadicamente","ciencias-educacion","masters","salud-servicios-sociales","female",53,3
"403","twXcrmssxANzaTM691zA",2,4,4,4,2,4,4,2,3,4,4,"Argentina","ocasional","ingenieria-tecnologia","high-school","otra-no-aplica","male",18,2
"404","tyLPTgPpZvyd3gGmSXr8",4,5,3,3,3,1,1,4,4,4,2,"España","frecuente","ciencias-sociales-humanidades","bachelors","educacion","female",22,3
"405","U2pNzBb6BBx1oRkaSOEM",3,4,4,3,5,2,1,2,2,4,4,"Argentina","esporadicamente","ciencias-sociales-humanidades","bachelors","comunicacion-marketing","female",26,3
"406","u7seCAu5d4Yj5S6oDseT",5,5,5,5,3,4,4,3,3,4,5,"España","frecuente","arte-diseno","bachelors","consultoria-servicios-profesionales","male",45,3
"407","u9fuR2oNMgHYVJYvqbD4",4,4,5,4,3,3,4,3,3,4,1,"Argentina","ocasional","otra-no-aplica","bachelors","educacion","male",30,2
"408","uclmoFA4EGmfEMVjcqy8",5,4,5,5,2,3,4,2,2,4,4,"Argentina","frecuente","ciencias-sociales-humanidades","masters","educacion","female",56,2
"409","Uco5fufKTQmIbK4h8725",4,5,5,4,2,2,2,2,2,4,4,"Argentina","frecuente","informatica-programacion","other","tecnologia-informatica","female",33,3
"410","Uh1Kek5kk5OaoDvasDbB",3,5,4,4,3,2,2,1,1,4,4,"Argentina","frecuente","ciencias-sociales-humanidades","bachelors","consultoria-servicios-profesionales","female",33,2
"411","UHFF2trTjZS4RiVVIGsC",4,3,4,4,2,3,3,3,3,4,4,"Uruguay","esporadicamente","derecho-ciencias-juridicas","bachelors","administracion-finanzas","male",51,2
"412","UijhNHCLdBOZNDpf05Iv",3,5,5,4,2,2,2,4,3,5,5,"Argentina","frecuente","ciencias-salud","bachelors","salud-servicios-sociales","female",59,2
"413","UKaECyD6umKvgPUHip9Q",4,5,5,5,2,3,2,1,3,3,4,"Argentina","ocasional","derecho-ciencias-juridicas","bachelors","salud-servicios-sociales","female",51,3
"414","ulMb6I94nAPzvaXGKmvy",2,3,4,3,1,2,2,1,1,2,2,"Argentina","esporadicamente","ciencias-educacion","bachelors","educacion","female",47,3
"415","UlUtWGhMWHNq0H9zQeng",4,5,5,4,3,2,2,2,2,5,4,"Argentina","frecuente","otra-no-aplica","bachelors","educacion","female",55,2
"416","uUIdUQEtSvlzG3hb5TL3",4,5,5,4,4,1,1,3,3,2,3,"Argentina","frecuente","ciencias-sociales-humanidades","bachelors","educacion","male",25,2
"417","uV53USe9rFYEMcAQ7dGV",3,4,5,4,3,2,2,1,2,3,3,"Argentina","frecuente","ciencias-sociales-humanidades","bachelors","consultoria-servicios-profesionales","female",26,2
"418","uYD2EoYIATKmtIpb9GGu",4,4,5,5,2,2,2,2,2,4,4,"Argentina","ocasional","ciencias-salud","doctorate","salud-servicios-sociales","female",38,2
"419","v3wdwJkRbU3h6t4FMUVy",4,5,5,5,2,3,4,2,2,3,4,"Argentina","ocasional","informatica-programacion","bachelors","gobierno-sector-publico","male",35,2
"420","v8SKdkn4fY1tMY9ZIINt",3,4,4,4,3,3,3,2,1,4,3,"Argentina","frecuente","arte-diseno","bachelors","otra-no-aplica","female",61,2
"421","V94qvSJ6SA0JbsyTunyp",3,4,3,4,4,2,2,2,2,2,2,"Argentina","ocasional","ciencias-economicas-administracion","bachelors","educacion","male",50,3
"422","va3m6R0mQysW2mCueddA",3,3,5,4,2,1,1,2,2,4,4,"Argentina","ocasional","ciencias-sociales-humanidades","doctorate","otra-no-aplica","female",35,2
"423","vDrmi0OArz4fsuHf7IQW",4,4,5,3,4,1,1,2,1,3,3,"España","frecuente","otra-no-aplica","other","comunicacion-marketing","female",22,2
"424","VH6GyZbTIgOqUn7LOxoR",3,3,4,4,1,4,4,2,3,4,4,"España","ocasional","ingenieria-tecnologia","other","industria-manufactura","male",27,3
"425","VhHIzIi2xYiRVjal3g0p",3,5,5,3,2,3,5,4,4,4,4,"Argentina","frecuente","ingenieria-tecnologia","high-school","industria-manufactura","male",18,3
"426","vnmihJmdJddgb1iMqlNe",4,1,4,4,4,1,1,1,1,1,1,"España","esporadicamente","otra-no-aplica","other","salud-servicios-sociales","female",29,2
"427","VNq6PUBccEokf2lELMCJ",2,3,2,2,5,2,4,1,2,1,4,"Otros","esporadicamente","otra-no-aplica","other","comercio-ventas","female",59,2
"428","vNxPZ9BndWXBINOZ2cxj",3,3,2,3,5,1,1,1,1,1,3,"Argentina","ocasional","ingenieria-tecnologia","bachelors","industria-manufactura","male",36,2
"429","VR0QtA1xgbolN1p4eoPu",3,3,4,3,4,1,2,1,1,2,2,"Argentina","esporadicamente","ingenieria-tecnologia","high-school","administracion-finanzas","male",53,2
"430","VRh3S4DWJmC9ywDbnZb1",3,3,3,3,2,1,3,1,1,5,3,"Argentina","ocasional","ciencias-economicas-administracion","high-school","otra-no-aplica","female",18,3
"431","VrKcu4iRJ8xKecBGfgqw",4,5,5,5,1,3,3,1,3,4,4,"Argentina","frecuente","ciencias-salud","bachelors","administracion-finanzas","female",45,3
"432","vrmKxonzbhgR9O4cyBhU",3,5,5,3,5,3,3,3,3,3,4,"Argentina","frecuente","ciencias-sociales-humanidades","doctorate","educacion","male",43,2
"433","VrRGtkwq39edcGClceVT",4,4,4,4,3,2,3,2,2,2,3,"Uruguay","esporadicamente","ciencias-salud","bachelors","salud-servicios-sociales","female",49,3
"434","VS6b9UhsmgcVnnCZlehr",5,5,5,5,1,1,2,1,1,2,4,"Argentina","frecuente","ciencias-sociales-humanidades","bachelors","educacion","female",59,3
"435","vWW4KNWMy7kDXVGdcbQF",4,4,3,4,3,3,3,2,2,5,4,"Argentina","ocasional","derecho-ciencias-juridicas","bachelors","consultoria-servicios-profesionales","female",65,2
"436","vxwlXgl6uN6P7c1fMoER",4,3,5,4,3,4,3,1,4,2,2,"España","ocasional","ciencias-educacion","bachelors","educacion","female",25,2
"437","vzyL06JUjft08gcJt05d",4,4,4,3,3,4,3,2,2,4,2,"Argentina","ocasional","ciencias-educacion","high-school","comercio-ventas","female",56,2
"438","w3gsXWe6nScxCXQg0xnA",4,5,5,5,2,5,4,3,3,4,5,"Argentina","frecuente","arte-diseno","bachelors","arte-cultura-diseno","male",42,2
"439","W5JGbkePNzRgRxPILxYp",3,4,4,3,2,4,4,1,2,2,4,"Argentina","ocasional","derecho-ciencias-juridicas","other","gobierno-sector-publico","female",41,2
"440","W6aPn5FnFT3OWvk8e6bG",2,4,4,2,5,1,2,1,1,3,3,"Argentina","ocasional","ciencias-economicas-administracion","bachelors","comunicacion-marketing","male",57,3
"441","W6bH8GDJFpXr6qcoXH1u",4,5,5,4,3,4,5,4,4,5,4,"Argentina","frecuente","ciencias-economicas-administracion","high-school","otra-no-aplica","male",18,3
"442","W8uoLOP88hmDxIYFuqfz",5,5,5,4,3,4,3,4,4,3,3,"España","frecuente","ciencias-educacion","bachelors","educacion","female",22,3
"443","WaF1llZNApF0OEJm8Rr5",5,4,5,4,3,4,2,3,2,4,5,"Argentina","frecuente","arte-diseno","bachelors","arte-cultura-diseno","female",23,3
"444","wavB9MlPwthkKzK5qsGT",3,4,5,4,3,3,3,2,3,3,4,"Argentina","ocasional","ingenieria-tecnologia","bachelors","industria-manufactura","male",26,3
"445","wbjevfAgDUlz1GrMiQaS",4,5,5,4,4,2,4,2,2,2,4,"Argentina","frecuente","ciencias-exactas-naturales","bachelors","educacion","female",34,2
"446","wDAE0bjWhFEQrW5wgfPo",4,5,5,4,1,3,3,3,3,3,3,"Argentina","ocasional","ciencias-exactas-naturales","other","educacion","female",32,2
"447","wDBes4mFKgnukyRfVduE",3,2,3,2,4,1,1,1,1,2,2,"Argentina","nunca","otra-no-aplica","doctorate","comercio-ventas","male",41,3
"448","wdpFl3vWTyHlghnV86JC",4,4,4,4,4,3,3,2,3,4,4,"Argentina","ocasional","derecho-ciencias-juridicas","bachelors","consultoria-servicios-profesionales","male",39,2
"449","wed6uYhIqft4YCAn6LIp",3,4,3,3,3,2,2,2,2,2,2,"Argentina","ocasional","ciencias-educacion","other","educacion","male",46,2
"450","wEMxOrj7YMQT9KDGnB9o",4,2,4,4,3,2,1,2,2,4,2,"España","esporadicamente","ciencias-educacion","bachelors","educacion","female",28,3
"451","Wij54K0oaKujPoLdfFlh",3,4,5,3,2,2,2,2,2,2,3,"Argentina","ocasional","ciencias-sociales-humanidades","masters","salud-servicios-sociales","male",33,3
"452","WJf181oLhRhL1pm6hAu6",5,5,5,4,3,4,3,2,3,5,4,"Argentina","ocasional","ciencias-economicas-administracion","high-school","administracion-finanzas","male",18,2
"453","wKaWvQC0I4VkTnw6VFL4",2,4,4,4,4,2,2,2,2,2,3,"Argentina","frecuente","ciencias-educacion","bachelors","educacion","female",31,2
"454","wLpxhbCoiVEGXlmrdetN",5,5,5,5,1,4,5,1,3,4,4,"Argentina","ocasional","otra-no-aplica","other","otra-no-aplica","male",44,3
"455","wNCWUD828lrawrUy04Qe",3,3,3,3,3,3,3,3,3,3,3,"Argentina","esporadicamente","ciencias-educacion","bachelors","educacion","prefer-not-to-say",40,2
"456","wqc2Hrduwm052ydZb077",3,4,4,3,3,3,3,2,2,4,3,"Uruguay","esporadicamente","ciencias-salud","bachelors","salud-servicios-sociales","female",32,3
"457","WRzzUoqv864x5h5Fazrh",3,4,4,4,4,3,3,1,1,3,4,"Argentina","esporadicamente","ciencias-economicas-administracion","other","educacion","male",45,2
"458","wsYiSwwsYq5epafRVwBw",4,3,5,3,3,2,4,1,1,2,4,"Argentina","ocasional","ciencias-sociales-humanidades","bachelors","otra-no-aplica","female",26,2
"459","WTrbV64fUzgTEuNWtzRZ",3,3,4,3,3,2,2,1,2,1,2,"Argentina","esporadicamente","ciencias-sociales-humanidades","masters","educacion","female",48,3
"460","WU4vksUi65E0c27pTksh",3,4,4,4,3,4,4,4,4,4,4,"Argentina","frecuente","ingenieria-tecnologia","masters","tecnologia-informatica","male",41,2
"461","WVQ7HWB4V22AsGKVtZ7Z",3,4,5,4,2,1,1,1,1,1,4,"Argentina","ocasional","ciencias-sociales-humanidades","doctorate","educacion","male",34,3
"462","x1hEF9sT2OaYNOQqPrG9",3,3,3,3,2,2,2,1,1,2,2,"Argentina","esporadicamente","ciencias-sociales-humanidades","bachelors","educacion","female",28,2
"463","x9qo9gJv4nj7XwQ1ly5e",4,4,4,4,2,2,4,2,2,3,3,"Argentina","nunca","ciencias-economicas-administracion","high-school","otra-no-aplica","female",20,3
"464","X9VYCdf1gjQ0mPdkWnU8",3,4,4,2,4,1,3,1,1,4,3,"Argentina","esporadicamente","ciencias-educacion","bachelors","gobierno-sector-publico","male",54,3
"465","xbRhPfVBi9D8dXsyTFp9",4,4,5,3,3,3,4,2,4,3,4,"Argentina","frecuente","informatica-programacion","bachelors","tecnologia-informatica","female",30,3
"466","xBZi22EUZwYmY3aR8NCL",4,4,5,3,2,2,4,1,3,1,4,"Argentina","ocasional","ciencias-sociales-humanidades","bachelors","salud-servicios-sociales","female",48,2
"467","xcfFKOYm18RUZqPte22f",4,4,5,4,3,3,4,3,4,4,5,"Argentina","frecuente","ingenieria-tecnologia","bachelors","industria-manufactura","male",57,3
"468","XDduwSEVysJYDFL1mwOV",5,5,3,5,3,3,3,3,5,5,4,"Argentina","ocasional","ciencias-economicas-administracion","high-school","otra-no-aplica","male",19,3
"469","XeTJ14ySee25o95n7dvS",4,4,4,4,3,3,2,2,3,4,4,"Argentina","frecuente","ciencias-salud","masters","salud-servicios-sociales","male",66,2
"470","xfXNtpRu87obmSNHCheA",3,4,4,3,4,2,3,2,2,3,4,"Argentina","esporadicamente","ciencias-exactas-naturales","bachelors","educacion","female",51,3
"471","xhaOGVIJ5oxcfkU9cjcQ",4,4,4,4,2,2,2,2,2,2,4,"España","ocasional","ingenieria-tecnologia","bachelors","industria-manufactura","female",25,3
"472","XiHyKjSYw94OzhfaD3Rq",5,3,5,4,2,2,2,1,1,2,2,"Uruguay","frecuente","ingenieria-tecnologia","masters","administracion-finanzas","male",36,2
"473","Xj4qIgXfv2mFtZSgbjNZ",5,5,5,4,2,2,1,4,1,3,4,"Chile","frecuente","ciencias-sociales-humanidades","masters","consultoria-servicios-profesionales","male",28,3
"474","XjnyuH4njpLiWzQS08Yi",4,4,4,4,3,4,4,1,2,4,3,"Argentina","ocasional","arte-diseno","bachelors","salud-servicios-sociales","female",38,3
"475","XLpo2jmJ0LqHIR6jq0Dz",3,4,4,3,2,2,3,2,2,3,3,"Argentina","esporadicamente","ingenieria-tecnologia","bachelors","educacion","male",46,2
"476","xLwqWMj3ZkLvfe3fH9A0",1,4,4,3,4,1,1,1,1,1,3,"Argentina","ocasional","ciencias-sociales-humanidades","bachelors","tecnologia-informatica","female",30,3
"477","XN9dCPxzSpqoxjl8g5Ny",4,4,5,3,2,1,2,1,3,3,3,"Argentina","ocasional","ciencias-sociales-humanidades","doctorate","salud-servicios-sociales","female",57,3
"478","xNEkY9cOuCL8qA8IOg8I",3,4,4,4,2,1,1,1,4,1,1,"Argentina","esporadicamente","ciencias-educacion","doctorate","educacion","female",61,2
"479","XqPttrZRVhrJkKWjisCf",4,5,5,5,4,1,3,2,2,4,4,"España","frecuente","informatica-programacion","masters","tecnologia-informatica","male",24,3
"480","xtxOdrA5zh6yc7PFuU2p",3,4,5,4,1,2,2,3,2,4,4,"Argentina","frecuente","ciencias-salud","doctorate","consultoria-servicios-profesionales","male",59,3
"481","xyPq0A9naYtJpVHGqxN1",3,3,5,4,4,2,1,1,3,1,1,"Argentina","ocasional","ciencias-salud","doctorate","educacion","female",50,3
"482","xzTf5ytobGKWdoFvT6U8",3,4,4,3,3,1,1,2,2,4,4,"Argentina","ocasional","ciencias-sociales-humanidades","bachelors","educacion","female",39,2
"483","Y09KYHnU12RXHkYJNntR",3,4,4,3,2,2,3,2,1,4,3,"Argentina","ocasional","arte-diseno","bachelors","arte-cultura-diseno","male",52,3
"484","Y1aBctgaaR3DDJA6Q48B",3,4,4,3,3,2,2,3,3,2,3,"Argentina","esporadicamente","ciencias-sociales-humanidades","bachelors","educacion","female",40,3
"485","Y2TdAGxVjCu9N0H0z7Qh",3,3,5,3,3,1,1,1,1,1,1,"Otros","frecuente","arte-diseno","doctorate","educacion","female",51,3
"486","Y3C0CYNPYqaSEETkpsiT",3,5,4,4,3,3,4,4,2,5,5,"Argentina","ocasional","ciencias-salud","high-school","salud-servicios-sociales","female",24,3
"487","Y3rKl8XDFxuxarLARUUU",4,4,4,2,5,4,4,3,4,4,4,"Argentina","nunca","derecho-ciencias-juridicas","bachelors","consultoria-servicios-profesionales","male",29,3
"488","yDN4R0varAGd5wreRet0",3,5,5,5,2,3,2,1,2,2,4,"Argentina","frecuente","ciencias-salud","doctorate","educacion","female",65,2
"489","YFfCzDXVBNLr3sZAuwXU",3,3,4,3,4,2,2,1,1,2,1,"Argentina","esporadicamente","ciencias-sociales-humanidades","bachelors","gobierno-sector-publico","female",45,3
"490","YfTSQKfYgKbFx91NHCUT",4,5,4,4,2,2,2,1,2,2,4,"Argentina","ocasional","ciencias-sociales-humanidades","masters","educacion","female",35,3
"491","YGR2wq8TOxhtPcWbo9W7",4,4,4,4,2,1,2,1,2,3,2,"Argentina","ocasional","ciencias-sociales-humanidades","bachelors","arte-cultura-diseno","male",49,2
"492","YKLpKQERDqjO6pr9SXPB",2,2,4,4,4,1,1,1,1,1,4,"Argentina","esporadicamente","ingenieria-tecnologia","high-school","otra-no-aplica","female",20,3
"493","yLzAwLnjRcDIp5U0w3ja",4,4,4,5,3,4,4,1,1,4,4,"España","frecuente","informatica-programacion","bachelors","tecnologia-informatica","female",37,2
"494","YNW5MwDisPhzzZskCVqR",3,4,4,3,5,2,2,2,2,3,4,"España","ocasional","ciencias-educacion","masters","educacion","female",30,3
"495","ynWtljLfAUAchxM2Gvvf",3,4,5,3,3,1,2,1,1,1,4,"Argentina","frecuente","ciencias-salud","masters","salud-servicios-sociales","female",35,3
"496","ynxA6bx2DW8NqGygOqwv",3,4,5,4,3,3,3,2,2,4,4,"Argentina","esporadicamente","ciencias-salud","bachelors","salud-servicios-sociales","female",41,3
"497","YrrQEWADQs57B4bNpQVG",4,4,4,4,3,3,4,2,2,3,4,"Otros","frecuente","ciencias-sociales-humanidades","doctorate","educacion","male",50,2
"498","YTc6CKGprI0SMrPFq4qv",4,3,3,3,2,1,2,1,3,1,1,"Argentina","esporadicamente","ciencias-sociales-humanidades","bachelors","otra-no-aplica","female",22,2
"499","yWoaXM10956vfhhb5Bgo",3,4,4,3,2,3,4,2,1,4,4,"Argentina","ocasional","ciencias-salud","masters","educacion","female",70,2
"500","yyocW1qq10M3wDzdbs1Z",4,4,4,4,3,3,3,2,3,3,4,"Argentina","nunca","otra-no-aplica","bachelors","educacion","female",52,3
"501","Z1i1NIQabiJjzE1ryWbN",3,3,4,2,4,2,3,1,1,2,2,"Perú","ocasional","ciencias-salud","doctorate","educacion","female",52,3
"502","Z22rSxdk43w2kvfDlK6l",3,4,4,4,3,2,2,2,4,2,4,"Argentina","frecuente","ciencias-salud","high-school","salud-servicios-sociales","female",52,3
"503","Z3lnm2U2OmXP7K4kCkR5",3,4,4,3,3,4,4,3,3,4,5,"España","frecuente","arte-diseno","masters","educacion","male",32,2
"504","Z5d39USnAUFoInaqfppF",3,4,4,4,1,1,1,1,1,1,1,"Argentina","ocasional","ciencias-educacion","bachelors","educacion","female",45,3
"505","ZaUZthLkqfNkrmCw1Sxi",1,4,5,2,3,1,2,1,1,1,4,"Argentina","frecuente","ciencias-sociales-humanidades","bachelors","comunicacion-marketing","female",45,2
"506","zcFmukpCl7m9b6u21fn8",5,5,5,5,3,5,5,3,2,5,5,"Argentina","frecuente","derecho-ciencias-juridicas","masters","educacion","female",68,3
"507","ZDSFcYzaqrFBm84yxPax",4,5,4,4,3,3,3,3,3,4,4,"Argentina","ocasional","informatica-programacion","bachelors","tecnologia-informatica","male",30,2
"508","ZE8OcrFqyhTcldxj2606",3,5,5,4,1,3,3,1,1,3,5,"Argentina","frecuente","derecho-ciencias-juridicas","high-school","otra-no-aplica","male",18,3
"509","ZH8aYDhLoZ9Aawsd1C28",5,5,5,4,3,4,4,4,5,4,5,"Argentina","frecuente","ciencias-sociales-humanidades","bachelors","educacion","male",33,2
"510","ZiIkfrNFO4DIRksV1T5T",4,4,4,4,3,2,2,1,2,2,4,"Argentina","ocasional","ciencias-sociales-humanidades","doctorate","gobierno-sector-publico","female",29,2
"511","ZikpB8AmCxP5jKgjrxw6",4,4,4,4,2,2,2,1,3,2,2,"Argentina","ocasional","ciencias-sociales-humanidades","other","educacion","male",63,3
"512","ZJ7eSdUikqL2p5Qp1UNT",4,4,5,4,3,2,2,1,2,4,4,"Argentina","frecuente","ciencias-sociales-humanidades","bachelors","administracion-finanzas","female",35,3
"513","ZJwkFaANA6o8AdxeMSWU",4,4,5,5,3,3,2,2,4,3,4,"Argentina","ocasional","ciencias-educacion","masters","educacion","female",43,2
"514","zlmVQpZ4DFJWQCAuuGKn",5,5,5,5,2,4,4,1,2,4,4,"Chile","frecuente","ciencias-educacion","doctorate","educacion","male",50,3
"515","ZmPCPMkmITBifNSAgUgn",3,3,4,3,3,2,2,1,1,1,3,"Argentina","ocasional","ciencias-sociales-humanidades","masters","educacion","female",43,3
"516","zOJrsS27ZIGRWp743kOH",2,2,4,2,5,1,3,1,1,1,1,"Argentina","nunca","ciencias-educacion","masters","educacion","male",45,2
"517","zOtl9Gj7Q1RzZGlXy32p",3,5,5,3,2,1,1,3,3,3,3,"Argentina","frecuente","arte-diseno","bachelors","gobierno-sector-publico","male",39,2
"518","zr0ldFVgue8sIKbxSuj5",3,4,4,3,4,1,4,1,1,2,2,"Argentina","esporadicamente","ciencias-salud","bachelors","educacion","female",57,2
"519","zR5f6DFdOPyRuu7eGEII",3,3,4,3,3,3,3,2,2,4,2,"Argentina","ocasional","ciencias-salud","bachelors","salud-servicios-sociales","female",55,3
"520","ZS3BZk0xKlV3wm0YkPol",4,4,4,5,4,4,4,4,4,4,4,"Argentina","frecuente","ciencias-salud","bachelors","educacion","male",64,3
"521","zSgHkxEczSIEhrCn1Lqr",3,4,4,4,3,3,4,2,3,1,4,"Argentina","ocasional","ciencias-salud","bachelors","educacion","female",47,2
"522","zTKJXD0qiGq2yBGyWbfo",3,2,3,3,4,1,1,1,1,1,3,"Argentina","nunca","ciencias-sociales-humanidades","bachelors","educacion","female",33,3
"523","ZyNOgdtsx5L3glYLEGxl",4,4,4,4,4,2,2,2,2,4,4,"Argentina","ocasional","ciencias-sociales-humanidades","other","gobierno-sector-publico","female",34,2
"524","ZyQoRhFXnhM7QOQThK0D",3,4,4,4,2,2,2,1,2,2,4,"Argentina","ocasional","ciencias-salud","bachelors","salud-servicios-sociales","male",61,2
"525","zzE1Ba1zVIKr3kg6Tjvz",4,2,5,4,4,3,4,3,1,1,2,"España","ocasional","ciencias-sociales-humanidades","bachelors","salud-servicios-sociales","female",24,3
